,Name,Filter,mwebv_corr,ra,dec,mwebv
0,2004dt,CSP-u,0.10847525057220808,02:02:12.770,-00:05:51.50,0.02282491241073472
0,2004dt,CSP-g,0.0855555332316078,02:02:12.770,-00:05:51.50,0.02282491241073472
0,2004dt,CSP-r,0.05925059898635343,02:02:12.770,-00:05:51.50,0.02282491241073472
0,2004dt,CSP-i,0.043073318189037924,02:02:12.770,-00:05:51.50,0.02282491241073472
0,2004dt,CSP-B,0.09299482778743418,02:02:12.770,-00:05:51.50,0.02282491241073472
0,2004dt,CSP-V0,0.07191668647003979,02:02:12.770,-00:05:51.50,0.02282491241073472
1,2004ef,CSP-u,0.22444014618244834,22:42:10.020,+19:59:40.42,0.04722868608216559
1,2004ef,CSP-g,0.17693831982089936,22:42:10.020,+19:59:40.42,0.04722868608216559
1,2004ef,CSP-r,0.1225702037826526,22:42:10.020,+19:59:40.42,0.04722868608216559
1,2004ef,CSP-i,0.08911173108813575,22:42:10.020,+19:59:40.42,0.04722868608216559
1,2004ef,CSP-B,0.19237358984459263,22:42:10.020,+19:59:40.42,0.04722868608216559
1,2004ef,CSP-V0,0.14877097274583662,22:42:10.020,+19:59:40.42,0.04722868608216559
1,2004ef,CSP-Ydw,0.051606083278558756,22:42:10.020,+19:59:40.42,0.04722868608216559
1,2004ef,CSP-Jdw,0.038539116110099414,22:42:10.020,+19:59:40.42,0.04722868608216559
1,2004ef,CSP-Hdw,0.02478027835823937,22:42:10.020,+19:59:40.42,0.04722868608216559
2,2004eo,CSP-u,0.4414133738549262,20:32:54.190,+09:55:42.71,0.09289685377505774
2,2004eo,CSP-g,0.34769575992580926,20:32:54.190,+09:55:42.71,0.09289685377505774
2,2004eo,CSP-r,0.24098184861818384,20:32:54.190,+09:55:42.71,0.09289685377505774
2,2004eo,CSP-i,0.17522602712936752,20:32:54.190,+09:55:42.71,0.09289685377505774
2,2004eo,CSP-B,0.37821076512847185,20:32:54.190,+09:55:42.71,0.09289685377505774
2,2004eo,CSP-V0,0.29248978483813204,20:32:54.190,+09:55:42.71,0.09289685377505774
2,2004eo,CSP-Ydw,0.10149652086894889,20:32:54.190,+09:55:42.71,0.09289685377505774
2,2004eo,CSP-Jdw,0.07579598623977368,20:32:54.190,+09:55:42.71,0.09289685377505774
2,2004eo,CSP-Hdw,0.04873823760229179,20:32:54.190,+09:55:42.71,0.09289685377505774
3,2004ey,CSP-u,0.5615496484640479,21:49:07.810,+00:26:39.19,0.11818747015560557
3,2004ey,CSP-g,0.44211812240812765,21:49:07.810,+00:26:39.19,0.11818747015560557
3,2004ey,CSP-r,0.30651121730052866,21:49:07.810,+00:26:39.19,0.11818747015560557
3,2004ey,CSP-i,0.22289290501916703,21:49:07.810,+00:26:39.19,0.11818747015560557
3,2004ey,CSP-B,0.4810491567799282,21:49:07.810,+00:26:39.19,0.11818747015560557
3,2004ey,CSP-V0,0.37202218279298016,21:49:07.810,+00:26:39.19,0.11818747015560557
3,2004ey,CSP-Ydw,0.1291209565503948,21:49:07.810,+00:26:39.19,0.11818747015560557
3,2004ey,CSP-Jdw,0.09642476281212176,21:49:07.810,+00:26:39.19,0.11818747015560557
3,2004ey,CSP-Hdw,0.06200444292940155,21:49:07.810,+00:26:39.19,0.11818747015560557
4,2004gc,CSP-g,0.6621520352072894,05:21:49.949,+06:40:33.71,0.17722778592184918
4,2004gc,CSP-r,0.4593605775227789,05:21:49.949,+06:40:33.71,0.17722778592184918
4,2004gc,CSP-i,0.334107784153137,05:21:49.949,+06:40:33.71,0.17722778592184918
4,2004gc,CSP-B,0.7209092794648146,05:21:49.949,+06:40:33.71,0.17722778592184918
4,2004gc,CSP-V0,0.5575282225806202,05:21:49.949,+06:40:33.71,0.17722778592184918
5,2004gs,CSP-u,0.12583103090329528,08:38:23.179,+17:37:39.79,0.026477088937744322
5,2004gs,CSP-g,0.09923751086102217,08:38:23.179,+17:37:39.79,0.026477088937744322
5,2004gs,CSP-r,0.06872871259781621,08:38:23.179,+17:37:39.79,0.026477088937744322
5,2004gs,CSP-i,0.04996420026184101,08:38:23.179,+17:37:39.79,0.026477088937744322
5,2004gs,CSP-B,0.10787068830644486,08:38:23.179,+17:37:39.79,0.026477088937744322
5,2004gs,CSP-V0,0.08342084659113524,08:38:23.179,+17:37:39.79,0.026477088937744322
5,2004gs,CSP-Ydw,0.028932480525337922,08:38:23.179,+17:37:39.79,0.026477088937744322
5,2004gs,CSP-Jdw,0.021606735604423832,08:38:23.179,+17:37:39.79,0.026477088937744322
5,2004gs,CSP-Hdw,0.013892642763275731,08:38:23.179,+17:37:39.79,0.026477088937744322
6,2005ag,CSP-g,0.1287646782813825,14:56:43.649,+09:19:42.49,0.03436078936594704
6,2005ag,CSP-r,0.08918613059106972,14:56:43.649,+09:19:42.49,0.03436078936594704
6,2005ag,CSP-i,0.06483793334841526,14:56:43.649,+09:19:42.49,0.03436078936594704
6,2005ag,CSP-B,0.13997832713237202,14:56:43.649,+09:19:42.49,0.03436078936594704
6,2005ag,CSP-V0,0.10825115443878808,14:56:43.649,+09:19:42.49,0.03436078936594704
6,2005ag,CSP-Ydw,0.037546617391253534,14:56:43.649,+09:19:42.49,0.03436078936594704
6,2005ag,CSP-Jdw,0.0280396961582543,14:56:43.649,+09:19:42.49,0.03436078936594704
7,2005al,CSP-u,0.22703182628347318,13:50:00.329,-30:34:34.21,0.047774116406032664
7,2005al,CSP-g,0.1789796745349257,13:50:00.329,-30:34:34.21,0.047774116406032664
7,2005al,CSP-r,0.12398506400943377,13:50:00.329,-30:34:34.21,0.047774116406032664
7,2005al,CSP-i,0.09014053081858853,13:50:00.329,-30:34:34.21,0.047774116406032664
7,2005al,CSP-B,0.1945941525406667,13:50:00.329,-30:34:34.21,0.047774116406032664
7,2005al,CSP-V0,0.150488247064839,13:50:00.329,-30:34:34.21,0.047774116406032664
7,2005al,CSP-Ydw,0.05220200244095352,13:50:00.329,-30:34:34.21,0.047774116406032664
7,2005al,CSP-Jdw,0.03898413877678841,13:50:00.329,-30:34:34.21,0.047774116406032664
7,2005al,CSP-Hdw,0.025066436848891982,13:50:00.329,-30:34:34.21,0.047774116406032664
8,2005am,CSP-u,0.2191918492032563,09:16:12.470,-16:18:15.98,0.04612416382053509
8,2005am,CSP-g,0.17280433604825363,09:16:12.470,-16:18:15.98,0.04612416382053509
8,2005am,CSP-r,0.1197049980907745,09:16:12.470,-16:18:15.98,0.04612416382053509
8,2005am,CSP-i,0.08702834008524052,09:16:12.470,-16:18:15.98,0.04612416382053509
8,2005am,CSP-B,0.18787676777186668,09:16:12.470,-16:18:15.98,0.04612416382053509
8,2005am,CSP-V0,0.14529335220351314,09:16:12.470,-16:18:15.98,0.04612416382053509
8,2005am,CSP-Ydw,0.050399314219182756,09:16:12.470,-16:18:15.98,0.04612416382053509
8,2005am,CSP-Jdw,0.03763792031400648,09:16:12.470,-16:18:15.98,0.04612416382053509
8,2005am,CSP-Hdw,0.024200792330816512,09:16:12.470,-16:18:15.98,0.04612416382053509
9,2005bg,CSP-u,0.1312241298344149,12:17:17.179,+16:22:17.62,0.027611972412293642
9,2005bg,CSP-g,0.10348864331368124,12:17:17.179,+16:22:17.62,0.027611972412293642
9,2005bg,CSP-r,0.07167381841733222,12:17:17.179,+16:22:17.62,0.027611972412293642
9,2005bg,CSP-i,0.052105416647141745,12:17:17.179,+16:22:17.62,0.027611972412293642
9,2005bg,CSP-B,0.11249300825995512,12:17:17.179,+16:22:17.62,0.027611972412293642
9,2005bg,CSP-V0,0.08699549389406691,12:17:17.179,+16:22:17.62,0.027611972412293642
10,2005bo,CSP-u,0.18786768140418475,12:49:41.030,-11:05:47.29,0.03953201274934114
10,2005bo,CSP-g,0.14812736438202023,12:49:41.030,-11:05:47.29,0.03953201274934114
10,2005bo,CSP-r,0.10260321175275022,12:49:41.030,-11:05:47.29,0.03953201274934114
10,2005bo,CSP-i,0.07459334517912541,12:49:41.030,-11:05:47.29,0.03953201274934114
10,2005bo,CSP-B,0.16103610625709486,12:49:41.030,-11:05:47.29,0.03953201274934114
10,2005bo,CSP-V0,0.1245361398370175,12:49:41.030,-11:05:47.29,0.03953201274934114
11,2005el,CSP-u,0.46605299108466514,05:11:48.720,+05:11:39.41,0.09808362612491346
11,2005el,CSP-g,0.3670687686331786,05:11:48.720,+05:11:39.41,0.09808362612491346
11,2005el,CSP-r,0.2544237268706673,05:11:48.720,+05:11:39.41,0.09808362612491346
11,2005el,CSP-i,0.18500317984329184,05:11:48.720,+05:11:39.41,0.09808362612491346
11,2005el,CSP-B,0.3993060222774414,05:11:48.720,+05:11:39.41,0.09808362612491346
11,2005el,CSP-V0,0.30880418990050273,05:11:48.720,+05:11:39.41,0.09808362612491346
11,2005el,CSP-Y,0.1088904095381853,05:11:48.720,+05:11:39.41,0.09808362612491346
11,2005el,CSP-J,0.07918127440636447,05:11:48.720,+05:11:39.41,0.09808362612491346
11,2005el,CSP-H,0.05138423380873114,05:11:48.720,+05:11:39.41,0.09808362612491346
11,2005el,CSP-Ydw,0.10716218648516573,05:11:48.720,+05:11:39.41,0.09808362612491346
11,2005el,CSP-Jdw,0.08002689386990802,05:11:48.720,+05:11:39.41,0.09808362612491346
11,2005el,CSP-Hdw,0.051459048444158384,05:11:48.720,+05:11:39.41,0.09808362612491346
12,2005eq,CSP-u,0.30235493395913204,03:08:49.310,-07:01:59.70,0.06362684899560904
12,2005eq,CSP-g,0.23829040129638246,03:08:49.310,-07:01:59.70,0.06362684899560904
12,2005eq,CSP-r,0.16510080273324834,03:08:49.310,-07:01:59.70,0.06362684899560904
12,2005eq,CSP-i,0.12003896873897801,03:08:49.310,-07:01:59.70,0.06362684899560904
12,2005eq,CSP-B,0.2591229524548133,03:08:49.310,-07:01:59.70,0.06362684899560904
12,2005eq,CSP-V0,0.20039183084081635,03:08:49.310,-07:01:59.70,0.06362684899560904
12,2005eq,CSP-Y,0.07064354892403024,03:08:49.310,-07:01:59.70,0.06362684899560904
12,2005eq,CSP-J,0.051368987261028565,03:08:49.310,-07:01:59.70,0.06362684899560904
12,2005eq,CSP-H,0.03333475485483994,03:08:49.310,-07:01:59.70,0.06362684899560904
12,2005eq,CSP-Ydw,0.06952153187415178,03:08:49.310,-07:01:59.70,0.06362684899560904
12,2005eq,CSP-Jdw,0.05191801758900816,03:08:49.310,-07:01:59.70,0.06362684899560904
12,2005eq,CSP-Hdw,0.03338331195281086,03:08:49.310,-07:01:59.70,0.06362684899560904
13,2005hc,CSP-u,0.13373799610417014,01:56:47.940,-00:12:49.21,0.0281409738922259
13,2005hc,CSP-g,0.10547014772292052,01:56:47.940,-00:12:49.21,0.0281409738922259
13,2005hc,CSP-r,0.07304659349851672,01:56:47.940,-00:12:49.21,0.0281409738922259
13,2005hc,CSP-i,0.053103487530965054,01:56:47.940,-00:12:49.21,0.0281409738922259
13,2005hc,CSP-B,0.1146475658506283,01:56:47.940,-00:12:49.21,0.0281409738922259
13,2005hc,CSP-V0,0.0886617104023717,01:56:47.940,-00:12:49.21,0.0281409738922259
13,2005hc,CSP-Y,0.031247217703864294,01:56:47.940,-00:12:49.21,0.0281409738922259
13,2005hc,CSP-J,0.022721414481770452,01:56:47.940,-00:12:49.21,0.0281409738922259
13,2005hc,CSP-H,0.014744164124866899,01:56:47.940,-00:12:49.21,0.0281409738922259
14,2005hj,CSP-u,0.1583094495289732,01:26:48.269,-01:14:16.80,0.033311703576352505
14,2005hj,CSP-g,0.12483605675804377,01:26:48.269,-01:14:16.80,0.033311703576352505
14,2005hj,CSP-r,0.08646404099949057,01:26:48.269,-01:14:16.80,0.033311703576352505
14,2005hj,CSP-i,0.06285877195257861,01:26:48.269,-01:14:16.80,0.033311703576352505
14,2005hj,CSP-B,0.13570606012564213,01:26:48.269,-01:14:16.80,0.033311703576352505
14,2005hj,CSP-V0,0.10494721044799782,01:26:48.269,-01:14:16.80,0.033311703576352505
14,2005hj,CSP-Y,0.036988202349679256,01:26:48.269,-01:14:16.80,0.033311703576352505
14,2005hj,CSP-J,0.02689601192462021,01:26:48.269,-01:14:16.80,0.033311703576352505
15,2005iq,CSP-u,0.09032926038168476,23:58:32.501,-18:42:33.01,0.01900652434471278
15,2005iq,CSP-g,0.07124863646121771,23:58:32.501,-18:42:33.01,0.01900652434471278
15,2005iq,CSP-r,0.04934040326708633,23:58:32.501,-18:42:33.01,0.01900652434471278
15,2005iq,CSP-i,0.03586847372392654,23:58:32.501,-18:42:33.01,0.01900652434471278
15,2005iq,CSP-B,0.07744075586724897,23:58:32.501,-18:42:33.01,0.01900652434471278
15,2005iq,CSP-V0,0.05988805137825004,23:58:32.501,-18:42:33.01,0.01900652434471278
15,2005iq,CSP-Y,0.02110499568570745,23:58:32.501,-18:42:33.01,0.01900652434471278
15,2005iq,CSP-J,0.015346456957001209,23:58:32.501,-18:42:33.01,0.01900652434471278
15,2005iq,CSP-H,0.009958409147523994,23:58:32.501,-18:42:33.01,0.01900652434471278
15,2005iq,CSP-Jdw,0.015510647351076656,23:58:32.501,-18:42:33.01,0.01900652434471278
15,2005iq,CSP-Hdw,0.009972923666632383,23:58:32.501,-18:42:33.01,0.01900652434471278
16,2005ir,CSP-u,0.12495660474381853,01:16:43.759,+00:47:40.42,0.02629308184015735
16,2005ir,CSP-g,0.09854822400988716,01:16:43.759,+00:47:40.42,0.02629308184015735
16,2005ir,CSP-r,0.06825119447384242,01:16:43.759,+00:47:40.42,0.02629308184015735
16,2005ir,CSP-i,0.04961702589258854,01:16:43.759,+00:47:40.42,0.02629308184015735
16,2005ir,CSP-B,0.10712122692349269,01:16:43.759,+00:47:40.42,0.02629308184015735
16,2005ir,CSP-V0,0.08284125463351089,01:16:43.759,+00:47:40.42,0.02629308184015735
17,2005kc,CSP-u,0.5398299322074225,22:34:07.339,+05:34:06.31,0.11361488196147342
17,2005kc,CSP-g,0.4250538654235112,22:34:07.339,+05:34:06.31,0.11361488196147342
17,2005kc,CSP-r,0.2946658149761232,22:34:07.339,+05:34:06.31,0.11361488196147342
17,2005kc,CSP-i,0.2142758337246895,22:34:07.339,+05:34:06.31,0.11361488196147342
17,2005kc,CSP-B,0.46245984586994027,22:34:07.339,+05:34:06.31,0.11361488196147342
17,2005kc,CSP-V0,0.357645635185996,22:34:07.339,+05:34:06.31,0.11361488196147342
17,2005kc,CSP-Y,0.1261277857458012,22:34:07.339,+05:34:06.31,0.11361488196147342
17,2005kc,CSP-J,0.09171610351260284,22:34:07.339,+05:34:06.31,0.11361488196147342
17,2005kc,CSP-H,0.05951932710518193,22:34:07.339,+05:34:06.31,0.11361488196147342
18,2005ki,CSP-u,0.1306271577180167,10:40:28.219,+09:12:08.39,0.02748634973578334
18,2005ki,CSP-g,0.10301808637497745,10:40:28.219,+09:12:08.39,0.02748634973578334
18,2005ki,CSP-r,0.07134782160896203,10:40:28.219,+09:12:08.39,0.02748634973578334
18,2005ki,CSP-i,0.05186840241520807,10:40:28.219,+09:12:08.39,0.02748634973578334
18,2005ki,CSP-B,0.11198135915618757,10:40:28.219,+09:12:08.39,0.02748634973578334
18,2005ki,CSP-V0,0.08659981262518812,10:40:28.219,+09:12:08.39,0.02748634973578334
18,2005ki,CSP-Y,0.030520387163388563,10:40:28.219,+09:12:08.39,0.02748634973578334
18,2005ki,CSP-J,0.02219289542796865,10:40:28.219,+09:12:08.39,0.02748634973578334
18,2005ki,CSP-H,0.01440119555214281,10:40:28.219,+09:12:08.39,0.02748634973578334
18,2005ki,CSP-Ydw,0.03003526798021916,10:40:28.219,+09:12:08.39,0.02748634973578334
18,2005ki,CSP-Jdw,0.022430289092755018,10:40:28.219,+09:12:08.39,0.02748634973578334
18,2005ki,CSP-Hdw,0.014422183132149158,10:40:28.219,+09:12:08.39,0.02748634973578334
19,2005ku,CSP-u,0.21979282947014522,22:59:42.610,-00:00:49.28,0.04625064188436055
19,2005ku,CSP-g,0.17327772536386,22:59:42.610,-00:00:49.28,0.04625064188436055
19,2005ku,CSP-r,0.12003309393759842,22:59:42.610,-00:00:49.28,0.04625064188436055
19,2005ku,CSP-i,0.08726690926323855,22:59:42.610,-00:00:49.28,0.04625064188436055
19,2005ku,CSP-B,0.18839170094029356,22:59:42.610,-00:00:49.28,0.04625064188436055
19,2005ku,CSP-V0,0.1456915760551727,22:59:42.610,-00:00:49.28,0.04625064188436055
19,2005ku,CSP-Y,0.051353436481713644,22:59:42.610,-00:00:49.28,0.04625064188436055
20,2005m,CSP-u,0.12749937655575505,09:37:32.359,+23:12:02.70,0.02682816244375857
20,2005m,CSP-g,0.1005526102765204,09:37:32.359,+23:12:02.70,0.02682816244375857
20,2005m,CSP-r,0.06963978113207459,09:37:32.359,+23:12:02.70,0.02682816244375857
20,2005m,CSP-i,0.050626583901470124,09:37:32.359,+23:12:02.70,0.02682816244375857
20,2005m,CSP-B,0.10930060364946215,09:37:32.359,+23:12:02.70,0.02682816244375857
20,2005m,CSP-V0,0.08452666409155185,09:37:32.359,+23:12:02.70,0.02682816244375857
20,2005m,CSP-Ydw,0.02931608804852459,09:37:32.359,+23:12:02.70,0.02682816244375857
20,2005m,CSP-Jdw,0.021893210911441585,09:37:32.359,+23:12:02.70,0.02682816244375857
20,2005m,CSP-Hdw,0.014076844694654866,09:37:32.359,+23:12:02.70,0.02682816244375857
21,2005mc,CSP-u,0.17828699950833982,08:27:06.360,+21:38:45.60,0.0375158083203568
21,2005mc,CSP-g,0.14057856268844726,08:27:06.360,+21:38:45.60,0.0375158083203568
21,2005mc,CSP-r,0.0973721988784706,08:27:06.360,+21:38:45.60,0.0375158083203568
21,2005mc,CSP-i,0.07078989444006023,08:27:06.360,+21:38:45.60,0.0375158083203568
21,2005mc,CSP-B,0.1528261741033745,08:27:06.360,+21:38:45.60,0.0375158083203568
21,2005mc,CSP-V0,0.1181870036780257,08:27:06.360,+21:38:45.60,0.0375158083203568
22,2005na,CSP-u,0.317500489848205,07:01:36.619,+14:07:59.70,0.06681458271368279
22,2005na,CSP-g,0.2502120632505376,07:01:36.619,+14:07:59.70,0.06681458271368279
22,2005na,CSP-r,0.17336697345963126,07:01:36.619,+14:07:59.70,0.06681458271368279
22,2005na,CSP-i,0.12605031285410506,07:01:36.619,+14:07:59.70,0.06681458271368279
22,2005na,CSP-B,0.2720960930273968,07:01:36.619,+14:07:59.70,0.06681458271368279
22,2005na,CSP-V0,0.21042469865576585,07:01:36.619,+14:07:59.70,0.06681458271368279
22,2005na,CSP-Y,0.07418220657426033,07:01:36.619,+14:07:59.70,0.06681458271368279
22,2005na,CSP-H,0.03500466596508822,07:01:36.619,+14:07:59.70,0.06681458271368279
22,2005na,CSP-Ydw,0.07300406516909419,07:01:36.619,+14:07:59.70,0.06681458271368279
22,2005na,CSP-Jdw,0.05451868945627858,07:01:36.619,+14:07:59.70,0.06681458271368279
22,2005na,CSP-Hdw,0.0350556533819919,07:01:36.619,+14:07:59.70,0.06681458271368279
23,2005w,CSP-u,0.29226569807603076,01:50:45.751,+21:45:35.60,0.061503363681234796
23,2005w,CSP-g,0.23034798456749028,01:50:45.751,+21:45:35.60,0.061503363681234796
23,2005w,CSP-r,0.1595940653362622,01:50:45.751,+21:45:35.60,0.061503363681234796
23,2005w,CSP-i,0.11603441518765933,01:50:45.751,+21:45:35.60,0.061503363681234796
23,2005w,CSP-B,0.250480510789199,01:50:45.751,+21:45:35.60,0.061503363681234796
23,2005w,CSP-V0,0.19370814692574,01:50:45.751,+21:45:35.60,0.061503363681234796
24,2006ax,CSP-u,0.205486452717474,11:24:03.461,-12:17:29.18,0.04323984482390143
24,2006ax,CSP-g,0.16200805751796676,11:24:03.461,-12:17:29.18,0.04323984482390143
24,2006ax,CSP-r,0.11222258431484233,11:24:03.461,-12:17:29.18,0.04323984482390143
24,2006ax,CSP-i,0.08158768642676639,11:24:03.461,-12:17:29.18,0.04323984482390143
24,2006ax,CSP-B,0.17613340231243235,11:24:03.461,-12:17:29.18,0.04323984482390143
24,2006ax,CSP-V0,0.13621161955901684,11:24:03.461,-12:17:29.18,0.04323984482390143
24,2006ax,CSP-Y,0.04801083716906973,11:24:03.461,-12:17:29.18,0.04323984482390143
24,2006ax,CSP-J,0.03491123373721727,11:24:03.461,-12:17:29.18,0.04323984482390143
24,2006ax,CSP-H,0.02265452024105663,11:24:03.461,-12:17:29.18,0.04323984482390143
24,2006ax,CSP-Ydw,0.0472479623029578,11:24:03.461,-12:17:29.18,0.04323984482390143
24,2006ax,CSP-Jdw,0.035284538455874426,11:24:03.461,-12:17:29.18,0.04323984482390143
24,2006ax,CSP-Hdw,0.022687528899977494,11:24:03.461,-12:17:29.18,0.04323984482390143
25,2006bh,CSP-u,0.10865236085491181,22:40:16.099,-66:29:06.29,0.022862181382705554
25,2006bh,CSP-g,0.08569516285373457,22:40:16.099,-66:29:06.29,0.022862181382705554
25,2006bh,CSP-r,0.05934732272076704,22:40:16.099,-66:29:06.29,0.022862181382705554
25,2006bh,CSP-i,0.04314363851393743,22:40:16.099,-66:29:06.29,0.022862181382705554
25,2006bh,CSP-B,0.09314663557851688,22:40:16.099,-66:29:06.29,0.022862181382705554
25,2006bh,CSP-V0,0.0720340860658304,22:40:16.099,-66:29:06.29,0.022862181382705554
25,2006bh,CSP-Y,0.025386092990045128,22:40:16.099,-66:29:06.29,0.022862181382705554
25,2006bh,CSP-J,0.018459469298184317,22:40:16.099,-66:29:06.29,0.022862181382705554
25,2006bh,CSP-H,0.0119784961410776,22:40:16.099,-66:29:06.29,0.022862181382705554
25,2006bh,CSP-Ydw,0.024982543662851242,22:40:16.099,-66:29:06.29,0.022862181382705554
25,2006bh,CSP-Jdw,0.01865694807370133,22:40:16.099,-66:29:06.29,0.022862181382705554
25,2006bh,CSP-Hdw,0.01199595407173426,22:40:16.099,-66:29:06.29,0.022862181382705554
26,2006d,CSP-u,0.18676636216407216,12:52:33.941,-09:46:30.79,0.039300244824291244
26,2006d,CSP-g,0.14725964267054792,12:52:33.941,-09:46:30.79,0.039300244824291244
26,2006d,CSP-r,0.10200190385475882,12:52:33.941,-09:46:30.79,0.039300244824291244
26,2006d,CSP-i,0.07415613382740238,12:52:33.941,-09:46:30.79,0.039300244824291244
26,2006d,CSP-B,0.1600923708111086,12:52:33.941,-09:46:30.79,0.039300244824291244
26,2006d,CSP-V0,0.12380630348487287,12:52:33.941,-09:46:30.79,0.039300244824291244
26,2006d,CSP-Y,0.04363699782413555,12:52:33.941,-09:46:30.79,0.039300244824291244
26,2006d,CSP-J,0.03173074611131099,12:52:33.941,-09:46:30.79,0.039300244824291244
26,2006d,CSP-H,0.020590584905011866,12:52:33.941,-09:46:30.79,0.039300244824291244
26,2006d,CSP-Ydw,0.042943564013580016,12:52:33.941,-09:46:30.79,0.039300244824291244
26,2006d,CSP-Jdw,0.03207007262405526,12:52:33.941,-09:46:30.79,0.039300244824291244
26,2006d,CSP-Hdw,0.020620587885895603,12:52:33.941,-09:46:30.79,0.039300244824291244
27,2006eq,CSP-u,0.19598636398394964,21:28:37.130,+01:13:41.20,0.041240563178662606
27,2006eq,CSP-g,0.1545237875256138,21:28:37.130,+01:13:41.20,0.041240563178662606
27,2006eq,CSP-r,0.10703585786733094,21:28:37.130,+01:13:41.20,0.041240563178662606
27,2006eq,CSP-i,0.07781634525202197,21:28:37.130,+01:13:41.20,0.041240563178662606
27,2006eq,CSP-B,0.1679930094583746,21:28:37.130,+01:13:41.20,0.041240563178662606
27,2006eq,CSP-V0,0.1299162522575621,21:28:37.130,+01:13:41.20,0.041240563178662606
27,2006eq,CSP-Y,0.04579119747725535,21:28:37.130,+01:13:41.20,0.041240563178662606
27,2006eq,CSP-J,0.03329719627356731,21:28:37.130,+01:13:41.20,0.041240563178662606
27,2006eq,CSP-H,0.021607110485877712,21:28:37.130,+01:13:41.20,0.041240563178662606
27,2006eq,CSP-Ydw,0.04506356117037136,21:28:37.130,+01:13:41.20,0.041240563178662606
27,2006eq,CSP-Jdw,0.033653258461033175,21:28:37.130,+01:13:41.20,0.041240563178662606
27,2006eq,CSP-Hdw,0.021638593857012722,21:28:37.130,+01:13:41.20,0.041240563178662606
28,2006et,CSP-u,0.07834180459881945,00:42:45.821,-23:33:30.38,0.01648409256819042
28,2006et,CSP-g,0.06179622239280658,00:42:45.821,-23:33:30.38,0.01648409256819042
28,2006et,CSP-r,0.04279330631995992,00:42:45.821,-23:33:30.38,0.01648409256819042
28,2006et,CSP-i,0.03110874487333337,00:42:45.821,-23:33:30.38,0.01648409256819042
28,2006et,CSP-B,0.06716504067137663,00:42:45.821,-23:33:30.38,0.01648409256819042
28,2006et,CSP-V0,0.05194140604332276,00:42:45.821,-23:33:30.38,0.01648409256819042
28,2006et,CSP-Y,0.01830418763801589,00:42:45.821,-23:33:30.38,0.01648409256819042
28,2006et,CSP-J,0.01330984502549093,00:42:45.821,-23:33:30.38,0.01648409256819042
28,2006et,CSP-H,0.008636823078257194,00:42:45.821,-23:33:30.38,0.01648409256819042
28,2006et,CSP-Ydw,0.018013176498978822,00:42:45.821,-23:33:30.38,0.01648409256819042
28,2006et,CSP-Jdw,0.013452254126514518,00:42:45.821,-23:33:30.38,0.01648409256819042
28,2006et,CSP-Hdw,0.008649411788702821,00:42:45.821,-23:33:30.38,0.01648409256819042
29,2006ev,CSP-g,0.2900197123752559,21:30:59.261,+13:59:21.19,0.07746185841078093
29,2006ev,CSP-r,0.20097284864872744,21:30:59.261,+13:59:21.19,0.07746185841078093
29,2006ev,CSP-i,0.1461268228588679,21:30:59.261,+13:59:21.19,0.07746185841078093
29,2006ev,CSP-B,0.31542111011202145,21:30:59.261,+13:59:21.19,0.07746185841078093
29,2006ev,CSP-V0,0.24393050719624654,21:30:59.261,+13:59:21.19,0.07746185841078093
29,2006ev,CSP-Y,0.08600116925415868,21:30:59.261,+13:59:21.19,0.07746185841078093
29,2006ev,CSP-J,0.06253664827753092,21:30:59.261,+13:59:21.19,0.07746185841078093
29,2006ev,CSP-H,0.04058217640403683,21:30:59.261,+13:59:21.19,0.07746185841078093
29,2006ev,CSP-Ydw,0.0846356299706148,21:30:59.261,+13:59:21.19,0.07746185841078093
29,2006ev,CSP-Jdw,0.06320482639358005,21:30:59.261,+13:59:21.19,0.07746185841078093
29,2006ev,CSP-Hdw,0.04064127960377206,21:30:59.261,+13:59:21.19,0.07746185841078093
30,2006fw,CSP-u,0.1336002499644764,01:47:10.339,-00:08:49.20,0.02811198746404727
30,2006fw,CSP-g,0.10536157311022709,01:47:10.339,-00:08:49.20,0.02811198746404727
30,2006fw,CSP-r,0.07297137319867875,01:47:10.339,-00:08:49.20,0.02811198746404727
30,2006fw,CSP-i,0.053048798810297004,01:47:10.339,-00:08:49.20,0.02811198746404727
30,2006fw,CSP-B,0.11452950832791942,01:47:10.339,-00:08:49.20,0.02811198746404727
30,2006fw,CSP-V0,0.08857041118990949,01:47:10.339,-00:08:49.20,0.02811198746404727
31,2006gt,CSP-u,0.152245399281288,00:56:17.299,-01:37:45.98,0.03203559371553623
31,2006gt,CSP-g,0.1200570404584238,00:56:17.299,-01:37:45.98,0.03203559371553623
31,2006gt,CSP-r,0.08315281028666255,00:56:17.299,-01:37:45.98,0.03203559371553623
31,2006gt,CSP-i,0.06045127934947958,00:56:17.299,-01:37:45.98,0.03203559371553623
31,2006gt,CSP-B,0.1305091410590169,00:56:17.299,-01:37:45.98,0.03203559371553623
31,2006gt,CSP-V0,0.10092819151675414,00:56:17.299,-01:37:45.98,0.03203559371553623
31,2006gt,CSP-Y,0.03557137082843553,00:56:17.299,-01:37:45.98,0.03203559371553623
31,2006gt,CSP-J,0.025865751731712905,00:56:17.299,-01:37:45.98,0.03203559371553623
31,2006gt,CSP-H,0.016784606191004414,00:56:17.299,-01:37:45.98,0.03203559371553623
31,2006gt,CSP-Ydw,0.035006020910035573,00:56:17.299,-01:37:45.98,0.03203559371553623
31,2006gt,CSP-Jdw,0.026142404459340796,00:56:17.299,-01:37:45.98,0.03203559371553623
31,2006gt,CSP-Hdw,0.01680906575735186,00:56:17.299,-01:37:45.98,0.03203559371553623
32,2006hx,CSP-u,0.12259628624671803,01:13:57.310,+00:22:18.01,0.02579639655448862
32,2006hx,CSP-g,0.09668762436256206,01:13:57.310,+00:22:18.01,0.02579639655448862
32,2006hx,CSP-r,0.06696223430751047,01:13:57.310,+00:22:18.01,0.02579639655448862
32,2006hx,CSP-i,0.04867990346353368,01:13:57.310,+00:22:18.01,0.02579639655448862
32,2006hx,CSP-B,0.10509821216266957,01:13:57.310,+00:22:18.01,0.02579639655448862
32,2006hx,CSP-V0,0.08127676716550525,01:13:57.310,+00:22:18.01,0.02579639655448862
32,2006hx,CSP-Ydw,0.028188706573267552,01:13:57.310,+00:22:18.01,0.02579639655448862
32,2006hx,CSP-Jdw,0.021051290461354455,01:13:57.310,+00:22:18.01,0.02579639655448862
32,2006hx,CSP-Hdw,0.01353549517155983,01:13:57.310,+00:22:18.01,0.02579639655448862
33,2006is,CSP-u,0.13765661892310077,05:17:34.370,-23:46:54.19,0.02896558592735124
33,2006is,CSP-g,0.10855884576028352,05:17:34.370,-23:46:54.19,0.02896558592735124
33,2006is,CSP-r,0.07518645845926941,05:17:34.370,-23:46:54.19,0.02896558592735124
33,2006is,CSP-i,0.05465927501800438,05:17:34.370,-23:46:54.19,0.02896558592735124
33,2006is,CSP-B,0.11800606140381475,05:17:34.370,-23:46:54.19,0.02896558592735124
33,2006is,CSP-V0,0.0912589870517575,05:17:34.370,-23:46:54.19,0.02896558592735124
33,2006is,CSP-Y,0.03216278260653027,05:17:34.370,-23:46:54.19,0.02896558592735124
33,2006is,CSP-J,0.023387173110975823,05:17:34.370,-23:46:54.19,0.02896558592735124
33,2006is,CSP-H,0.015176191194814947,05:17:34.370,-23:46:54.19,0.02896558592735124
33,2006is,CSP-Ydw,0.03165157362613513,05:17:34.370,-23:46:54.19,0.02896558592735124
33,2006is,CSP-Jdw,0.023637333276834482,05:17:34.370,-23:46:54.19,0.02896558592735124
33,2006is,CSP-Hdw,0.015198307780426745,05:17:34.370,-23:46:54.19,0.02896558592735124
34,2006kf,CSP-u,1.003036917405223,03:41:50.479,+08:09:24.98,0.2111552993015088
34,2006kf,CSP-g,0.7883457657242359,03:41:50.479,+08:09:24.98,0.2111552993015088
34,2006kf,CSP-r,0.5471148508918899,03:41:50.479,+08:09:24.98,0.2111552993015088
34,2006kf,CSP-i,0.3979779562311143,03:41:50.479,+08:09:24.98,0.2111552993015088
34,2006kf,CSP-B,0.8586089190077733,03:41:50.479,+08:09:24.98,0.2111552993015088
34,2006kf,CSP-V0,0.6640276251152581,03:41:50.479,+08:09:24.98,0.2111552993015088
34,2006kf,CSP-Y,0.23435120869573467,03:41:50.479,+08:09:24.98,0.2111552993015088
34,2006kf,CSP-J,0.17041758841957844,03:41:50.479,+08:09:24.98,0.2111552993015088
34,2006kf,CSP-H,0.11060082031409202,03:41:50.479,+08:09:24.98,0.2111552993015088
34,2006kf,CSP-Ydw,0.230640707426506,03:41:50.479,+08:09:24.98,0.2111552993015088
34,2006kf,CSP-Jdw,0.17223286702476237,03:41:50.479,+08:09:24.98,0.2111552993015088
35,2006ob,CSP-u,0.13535471974813063,01:51:48.110,+00:15:48.31,0.0284811873293256
35,2006ob,CSP-g,0.10674447703680046,01:51:48.110,+00:15:48.31,0.0284811873293256
35,2006ob,CSP-r,0.0739294502390837,01:51:48.110,+00:15:48.31,0.0284811873293256
35,2006ob,CSP-i,0.053745366965419095,01:51:48.110,+00:15:48.31,0.0284811873293256
35,2006ob,CSP-B,0.1160332005748348,01:51:48.110,+00:15:48.31,0.0284811873293256
35,2006ob,CSP-V0,0.08973328436670869,01:51:48.110,+00:15:48.31,0.0284811873293256
35,2006ob,CSP-Y,0.03162495640052576,01:51:48.110,+00:15:48.31,0.0284811873293256
35,2006ob,CSP-Ydw,0.031122290723068602,01:51:48.110,+00:15:48.31,0.0284811873293256
35,2006ob,CSP-Jdw,0.02324206913509741,01:51:48.110,+00:15:48.31,0.0284811873293256
35,2006ob,CSP-Hdw,0.014944154252070518,01:51:48.110,+00:15:48.31,0.0284811873293256
36,2006os,CSP-u,0.5959927794488744,02:55:01.010,+16:00:34.81,0.1254388976210586
36,2006os,CSP-g,0.4691726676081953,02:55:01.010,+16:00:34.81,0.1254388976210586
36,2006os,CSP-r,0.3252940257133692,02:55:01.010,+16:00:34.81,0.1254388976210586
36,2006os,CSP-i,0.2365571936438231,02:55:01.010,+16:00:34.81,0.1254388976210586
36,2006os,CSP-B,0.5105252960236157,02:55:01.010,+16:00:34.81,0.1254388976210586
36,2006os,CSP-V0,0.39481843320784193,02:55:01.010,+16:00:34.81,0.1254388976210586
36,2006os,CSP-Y,0.13924974345653318,02:55:01.010,+16:00:34.81,0.1254388976210586
36,2006os,CSP-J,0.10125832227025455,02:55:01.010,+16:00:34.81,0.1254388976210586
36,2006os,CSP-H,0.0657123449261725,02:55:01.010,+16:00:34.81,0.1254388976210586
36,2006os,CSP-Ydw,0.1370409630568048,02:55:01.010,+16:00:34.81,0.1254388976210586
36,2006os,CSP-Jdw,0.10233903725124271,02:55:01.010,+16:00:34.81,0.1254388976210586
36,2006os,CSP-Hdw,0.06580798628678863,02:55:01.010,+16:00:34.81,0.1254388976210586
37,2006py,CSP-u,0.24570513505980318,22:41:42.050,-00:08:12.91,0.05170403978143321
37,2006py,CSP-g,0.193686614695477,22:41:42.050,-00:08:12.91,0.05170403978143321
37,2006py,CSP-r,0.13417893556012217,22:41:42.050,-00:08:12.91,0.05170403978143321
37,2006py,CSP-i,0.09755299768151549,22:41:42.050,-00:08:12.91,0.05170403978143321
37,2006py,CSP-B,0.2105929586471369,22:41:42.050,-00:08:12.91,0.05170403978143321
37,2006py,CSP-V0,0.16286095080320173,22:41:42.050,-00:08:12.91,0.05170403978143321
38,2007af,CSP-u,0.16015330899472313,14:22:21.060,-00:23:37.72,0.03369972430000937
38,2007af,CSP-g,0.12628913885856652,14:22:21.060,-00:23:37.72,0.03369972430000937
38,2007af,CSP-r,0.08747085481294592,14:22:21.060,-00:23:37.72,0.03369972430000937
38,2007af,CSP-i,0.0635907988353348,14:22:21.060,-00:23:37.72,0.03369972430000937
38,2007af,CSP-B,0.13728623550704988,14:22:21.060,-00:23:37.72,0.03369972430000937
38,2007af,CSP-V0,0.10616923385931543,14:22:21.060,-00:23:37.72,0.03369972430000937
38,2007af,CSP-Y,0.03741900977954593,14:22:21.060,-00:23:37.72,0.03369972430000937
38,2007af,CSP-J,0.027209277089959016,14:22:21.060,-00:23:37.72,0.03369972430000937
38,2007af,CSP-H,0.01765645827991058,14:22:21.060,-00:23:37.72,0.03369972430000937
38,2007af,CSP-Ydw,0.03682431548349463,14:22:21.060,-00:23:37.72,0.03369972430000937
38,2007af,CSP-Jdw,0.027500288677886786,14:22:21.060,-00:23:37.72,0.03369972430000937
38,2007af,CSP-Hdw,0.01768218779477415,14:22:21.060,-00:23:37.72,0.03369972430000937
40,2007as,CSP-u,0.5819765311873566,09:27:36.010,-80:10:39.22,0.12248797806172211
40,2007as,CSP-g,0.4581640037780774,09:27:36.010,-80:10:39.22,0.12248797806172211
40,2007as,CSP-r,0.3176508129263216,09:27:36.010,-80:10:39.22,0.12248797806172211
40,2007as,CSP-i,0.23099676212856846,09:27:36.010,-80:10:39.22,0.12248797806172211
40,2007as,CSP-B,0.49853072350428107,09:27:36.010,-80:10:39.22,0.12248797806172211
40,2007as,CSP-V0,0.3855420613862979,09:27:36.010,-80:10:39.22,0.12248797806172211
40,2007as,CSP-Y,0.1359749722023711,09:27:36.010,-80:10:39.22,0.12248797806172211
40,2007as,CSP-J,0.09887691961735712,09:27:36.010,-80:10:39.22,0.12248797806172211
40,2007as,CSP-H,0.06416677498901358,09:27:36.010,-80:10:39.22,0.12248797806172211
40,2007as,CSP-Ydw,0.13381800111139874,09:27:36.010,-80:10:39.22,0.12248797806172211
40,2007as,CSP-Jdw,0.09993228953780964,09:27:36.010,-80:10:39.22,0.12248797806172211
40,2007as,CSP-Hdw,0.06426017050585742,09:27:36.010,-80:10:39.22,0.12248797806172211
41,2007ba,CSP-u,0.15007063227638906,15:16:42.631,+07:23:47.80,0.031577940939381544
41,2007ba,CSP-g,0.11834307368043295,15:16:42.631,+07:23:47.80,0.031577940939381544
41,2007ba,CSP-r,0.08196527941234333,15:16:42.631,+07:23:47.80,0.031577940939381544
41,2007ba,CSP-i,0.05958786753666345,15:16:42.631,+07:23:47.80,0.031577940939381544
41,2007ba,CSP-B,0.1286453302647459,15:16:42.631,+07:23:47.80,0.031577940939381544
41,2007ba,CSP-V0,0.09948682051761892,15:16:42.631,+07:23:47.80,0.031577940939381544
41,2007ba,CSP-Y,0.035063248583663054,15:16:42.631,+07:23:47.80,0.031577940939381544
41,2007ba,CSP-J,0.025496266828294978,15:16:42.631,+07:23:47.80,0.031577940939381544
41,2007ba,CSP-H,0.0165448372322885,15:16:42.631,+07:23:47.80,0.031577940939381544
41,2007ba,CSP-Ydw,0.03450596907295278,15:16:42.631,+07:23:47.80,0.031577940939381544
41,2007ba,CSP-Jdw,0.02576897051227256,15:16:42.631,+07:23:47.80,0.031577940939381544
42,2007bc,CSP-u,0.08849152751148726,11:19:14.570,+20:48:32.51,0.018619821696968433
42,2007bc,CSP-g,0.06979959455936124,11:19:14.570,+20:48:32.51,0.018619821696968433
42,2007bc,CSP-r,0.048336718494141895,11:19:14.570,+20:48:32.51,0.018619821696968433
42,2007bc,CSP-i,0.035138791465644914,11:19:14.570,+20:48:32.51,0.018619821696968433
42,2007bc,CSP-B,0.07586546720463616,11:19:14.570,+20:48:32.51,0.018619821696968433
42,2007bc,CSP-V0,0.05866981355868006,11:19:14.570,+20:48:32.51,0.018619821696968433
42,2007bc,CSP-Y,0.02067561881473523,11:19:14.570,+20:48:32.51,0.018619821696968433
42,2007bc,CSP-J,0.015034234703074745,11:19:14.570,+20:48:32.51,0.018619821696968433
42,2007bc,CSP-H,0.009755803422383025,11:19:14.570,+20:48:32.51,0.018619821696968433
42,2007bc,CSP-Ydw,0.020346920013491143,11:19:14.570,+20:48:32.51,0.018619821696968433
42,2007bc,CSP-Hdw,0.009770022713802007,11:19:14.570,+20:48:32.51,0.018619821696968433
43,2007bd,CSP-u,0.13884010567159755,08:31:33.281,-01:11:57.98,0.029214632624701472
43,2007bd,CSP-g,0.10949166341214989,08:31:33.281,-01:11:57.98,0.029214632624701472
43,2007bd,CSP-r,0.07583272680319042,08:31:33.281,-01:11:57.98,0.029214632624701472
43,2007bd,CSP-i,0.055129145651989564,08:31:33.281,-01:11:57.98,0.029214632624701472
43,2007bd,CSP-B,0.1190203721987686,08:31:33.281,-01:11:57.98,0.029214632624701472
43,2007bd,CSP-V0,0.09204339966170139,08:31:33.281,-01:11:57.98,0.029214632624701472
43,2007bd,CSP-Y,0.032439297825677116,08:31:33.281,-01:11:57.98,0.029214632624701472
43,2007bd,CSP-J,0.023588242909767132,08:31:33.281,-01:11:57.98,0.029214632624701472
43,2007bd,CSP-H,0.015306670413002266,08:31:33.281,-01:11:57.98,0.029214632624701472
43,2007bd,CSP-Ydw,0.03192369650318483,08:31:33.281,-01:11:57.98,0.029214632624701472
43,2007bd,CSP-Jdw,0.02384055237146221,08:31:33.281,-01:11:57.98,0.029214632624701472
43,2007bd,CSP-Hdw,0.01532897707502201,08:31:33.281,-01:11:57.98,0.029214632624701472
44,2007ca,CSP-u,0.2731350832226025,13:31:05.810,-15:06:06.59,0.05747699851666081
44,2007ca,CSP-g,0.21528632310009632,13:31:05.810,-15:06:06.59,0.05747699851666081
44,2007ca,CSP-r,0.14915204271527638,13:31:05.810,-15:06:06.59,0.05747699851666081
44,2007ca,CSP-i,0.10844102516003762,13:31:05.810,-15:06:06.59,0.05747699851666081
44,2007ca,CSP-B,0.23409242397438845,13:31:05.810,-15:06:06.59,0.05747699851666081
44,2007ca,CSP-V0,0.1810343393274252,13:31:05.810,-15:06:06.59,0.05747699851666081
44,2007ca,CSP-Y,0.06381652173848451,13:31:05.810,-15:06:06.59,0.05747699851666081
44,2007ca,CSP-J,0.046404580068122314,13:31:05.810,-15:06:06.59,0.05747699851666081
44,2007ca,CSP-H,0.030113076071485168,13:31:05.810,-15:06:06.59,0.05747699851666081
44,2007ca,CSP-Ydw,0.06280280518445736,13:31:05.810,-15:06:06.59,0.05747699851666081
44,2007ca,CSP-Jdw,0.04690062085991187,13:31:05.810,-15:06:06.59,0.05747699851666081
44,2007ca,CSP-Hdw,0.030156943890577992,13:31:05.810,-15:06:06.59,0.05747699851666081
45,2007hj,CSP-u,0.3600246585300799,23:01:47.890,+15:35:11.40,0.0757650554819504
45,2007hj,CSP-g,0.28367696487167127,23:01:47.890,+15:35:11.40,0.0757650554819504
45,2007hj,CSP-r,0.19657382749350227,23:01:47.890,+15:35:11.40,0.0757650554819504
45,2007hj,CSP-i,0.14292752001271936,23:01:47.890,+15:35:11.40,0.0757650554819504
45,2007hj,CSP-B,0.30851726617921216,23:01:47.890,+15:35:11.40,0.0757650554819504
45,2007hj,CSP-V0,0.23859134338537835,23:01:47.890,+15:35:11.40,0.0757650554819504
45,2007hj,CSP-Y,0.08411768436025291,23:01:47.890,+15:35:11.40,0.0757650554819504
45,2007hj,CSP-J,0.06116702232670512,23:01:47.890,+15:35:11.40,0.0757650554819504
45,2007hj,CSP-H,0.03969332901836076,23:01:47.890,+15:35:11.40,0.0757650554819504
45,2007hj,CSP-Ydw,0.08278200336544117,23:01:47.890,+15:35:11.40,0.0757650554819504
45,2007hj,CSP-Jdw,0.061820591967430616,23:01:47.890,+15:35:11.40,0.0757650554819504
45,2007hj,CSP-Hdw,0.039751139018591175,23:01:47.890,+15:35:11.40,0.0757650554819504
46,2007jd,CSP-u,0.31538977398044465,02:59:53.369,+01:09:38.59,0.06637033049478361
46,2007jd,CSP-g,0.24855072048580418,02:59:53.369,+01:09:38.59,0.06637033049478361
46,2007jd,CSP-r,0.17221500608799367,02:59:53.369,+01:09:38.59,0.06637033049478361
46,2007jd,CSP-i,0.12521256898054656,02:59:53.369,+01:09:38.59,0.06637033049478361
46,2007jd,CSP-B,0.27028816874480377,02:59:53.369,+01:09:38.59,0.06637033049478361
46,2007jd,CSP-V0,0.20902652705923686,02:59:53.369,+01:09:38.59,0.06637033049478361
46,2007jd,CSP-Y,0.0736890520582385,02:59:53.369,+01:09:38.59,0.06637033049478361
46,2007jd,CSP-Ydw,0.07251873180200263,02:59:53.369,+01:09:38.59,0.06637033049478361
46,2007jd,CSP-Jdw,0.05415625449431971,02:59:53.369,+01:09:38.59,0.06637033049478361
47,2007jg,CSP-u,0.43372926983581994,03:29:50.820,+00:03:24.59,0.09127933620360287
47,2007jg,CSP-g,0.3416533344975752,03:29:50.820,+00:03:24.59,0.09127933620360287
47,2007jg,CSP-r,0.23678965866116797,03:29:50.820,+00:03:24.59,0.09127933620360287
47,2007jg,CSP-i,0.17217684181722515,03:29:50.820,+00:03:24.59,0.09127933620360287
47,2007jg,CSP-B,0.37163164727583897,03:29:50.820,+00:03:24.59,0.09127933620360287
47,2007jg,CSP-V0,0.2874017121273962,03:29:50.820,+00:03:24.59,0.09127933620360287
47,2007jg,CSP-Y,0.10133822374366908,03:29:50.820,+00:03:24.59,0.09127933620360287
47,2007jg,CSP-J,0.07368944440066194,03:29:50.820,+00:03:24.59,0.09127933620360287
47,2007jg,CSP-Ydw,0.09972963114516453,03:29:50.820,+00:03:24.59,0.09127933620360287
47,2007jg,CSP-Jdw,0.07447653631686713,03:29:50.820,+00:03:24.59,0.09127933620360287
47,2007jg,CSP-Hdw,0.04788973171166511,03:29:50.820,+00:03:24.59,0.09127933620360287
48,2007le,CSP-u,0.13666749370514886,23:38:48.410,-06:31:21.29,0.02875743988453417
48,2007le,CSP-g,0.107779216183155,23:38:48.410,-06:31:21.29,0.02875743988453417
48,2007le,CSP-r,0.0746463235898629,23:38:48.410,-06:31:21.29,0.02875743988453417
48,2007le,CSP-i,0.05426656951201414,23:38:48.410,-06:31:21.29,0.02875743988453417
48,2007le,CSP-B,0.11715832568198437,23:38:48.410,-06:31:21.29,0.02875743988453417
48,2007le,CSP-V0,0.09060339456717514,23:38:48.410,-06:31:21.29,0.02875743988453417
48,2007le,CSP-Y,0.03193167889067716,23:38:48.410,-06:31:21.29,0.02875743988453417
48,2007le,CSP-J,0.02321912459773756,23:38:48.410,-06:31:21.29,0.02875743988453417
48,2007le,CSP-H,0.01506714035129697,23:38:48.410,-06:31:21.29,0.02875743988453417
48,2007le,CSP-Ydw,0.031424140942878154,23:38:48.410,-06:31:21.29,0.02875743988453417
48,2007le,CSP-Jdw,0.023467488423422722,23:38:48.410,-06:31:21.29,0.02875743988453417
48,2007le,CSP-Hdw,0.015089098075453222,23:38:48.410,-06:31:21.29,0.02875743988453417
49,2007n,CSP-u,0.16474772023219475,12:49:01.250,-09:27:10.19,0.03466657287202394
49,2007n,CSP-g,0.12990974516507392,12:49:01.250,-09:27:10.19,0.03466657287202394
49,2007n,CSP-r,0.0899795442251412,12:49:01.250,-09:27:10.19,0.03466657287202394
49,2007n,CSP-i,0.06541480655034615,12:49:01.250,-09:27:10.19,0.03466657287202394
49,2007n,CSP-B,0.14122357359395465,12:49:01.250,-09:27:10.19,0.03466657287202394
49,2007n,CSP-V0,0.10921416204482526,12:49:01.250,-09:27:10.19,0.03466657287202394
49,2007n,CSP-Y,0.038492468110904454,12:49:01.250,-09:27:10.19,0.03466657287202394
49,2007n,CSP-J,0.027989851450909597,12:49:01.250,-09:27:10.19,0.03466657287202394
49,2007n,CSP-H,0.018162996333380477,12:49:01.250,-09:27:10.19,0.03466657287202394
49,2007n,CSP-Ydw,0.0378807259954268,12:49:01.250,-09:27:10.19,0.03466657287202394
49,2007n,CSP-Jdw,0.028289204885060926,12:49:01.250,-09:27:10.19,0.03466657287202394
49,2007n,CSP-Hdw,0.018189463650884363,12:49:01.250,-09:27:10.19,0.03466657287202394
50,2007nq,CSP-u,0.14487525199473916,00:57:33.569,-01:23:19.00,0.03048464181301629
50,2007nq,CSP-g,0.11424839828487343,00:57:33.569,-01:23:19.00,0.03048464181301629
50,2007nq,CSP-r,0.07912831128138365,00:57:33.569,-01:23:19.00,0.03048464181301629
50,2007nq,CSP-i,0.057525218452967763,00:57:33.569,-01:23:19.00,0.03048464181301629
50,2007nq,CSP-B,0.1241927502950908,00:57:33.569,-01:23:19.00,0.03048464181301629
50,2007nq,CSP-V0,0.0960434357056652,00:57:33.569,-01:23:19.00,0.03048464181301629
50,2007nq,CSP-Y,0.033849376671829745,00:57:33.569,-01:23:19.00,0.03048464181301629
50,2007nq,CSP-J,0.024613591156638748,00:57:33.569,-01:23:19.00,0.03048464181301629
50,2007nq,CSP-H,0.015972045271313462,00:57:33.569,-01:23:19.00,0.03048464181301629
50,2007nq,CSP-Ydw,0.033311377486565874,00:57:33.569,-01:23:19.00,0.03048464181301629
50,2007nq,CSP-Jdw,0.02487686049373039,00:57:33.569,-01:23:19.00,0.03048464181301629
50,2007nq,CSP-Hdw,0.015995321202726842,00:57:33.569,-01:23:19.00,0.03048464181301629
51,2007on,CSP-u,0.047126271581626855,03:38:50.899,-35:34:30.00,0.009915789950829437
51,2007on,CSP-g,0.03717784099202004,03:38:50.899,-35:34:30.00,0.009915789950829437
51,2007on,CSP-r,0.025743421223208385,03:38:50.899,-35:34:30.00,0.009915789950829437
51,2007on,CSP-i,0.01871387182497397,03:38:50.899,-35:34:30.00,0.009915789950829437
51,2007on,CSP-B,0.04040500127426583,03:38:50.899,-35:34:30.00,0.009915789950829437
51,2007on,CSP-V0,0.031246766878568977,03:38:50.899,-35:34:30.00,0.009915789950829437
51,2007on,CSP-Y,0.011010832646016766,03:38:50.899,-35:34:30.00,0.009915789950829437
51,2007on,CSP-J,0.008006484602740116,03:38:50.899,-35:34:30.00,0.009915789950829437
51,2007on,CSP-H,0.005195421344479811,03:38:50.899,-35:34:30.00,0.009915789950829437
51,2007on,CSP-Ydw,0.010835751483025291,03:38:50.899,-35:34:30.00,0.009915789950829437
51,2007on,CSP-Jdw,0.008092163141840913,03:38:50.899,-35:34:30.00,0.009915789950829437
51,2007on,CSP-Hdw,0.005202994656345439,03:38:50.899,-35:34:30.00,0.009915789950829437
52,2007s,CSP-u,0.11366701518893163,10:00:31.260,+04:24:26.21,0.023917408253210766
52,2007s,CSP-g,0.08964851961358122,10:00:31.260,+04:24:26.21,0.023917408253210766
52,2007s,CSP-r,0.06208591135776764,10:00:31.260,+04:24:26.21,0.023917408253210766
52,2007s,CSP-i,0.045134660951885675,10:00:31.260,+04:24:26.21,0.023917408253210766
52,2007s,CSP-B,0.09744484488768457,10:00:31.260,+04:24:26.21,0.023917408253210766
52,2007s,CSP-V0,0.07535807971295405,10:00:31.260,+04:24:26.21,0.023917408253210766
52,2007s,CSP-Y,0.02655774054243132,10:00:31.260,+04:24:26.21,0.023917408253210766
52,2007s,CSP-J,0.019311437436105194,10:00:31.260,+04:24:26.21,0.023917408253210766
52,2007s,CSP-H,0.012531354869636857,10:00:31.260,+04:24:26.21,0.023917408253210766
52,2007s,CSP-Ydw,0.026135575545724876,10:00:31.260,+04:24:26.21,0.023917408253210766
52,2007s,CSP-Jdw,0.01951802553814197,10:00:31.260,+04:24:26.21,0.023917408253210766
52,2007s,CSP-Hdw,0.012549618302578835,10:00:31.260,+04:24:26.21,0.023917408253210766
53,2007sr,CSP-u,0.1923638071758771,12:01:52.800,-18:58:21.68,0.0404782060157234
53,2007sr,CSP-g,0.15166975305300268,12:01:52.800,-18:58:21.68,0.0404782060157234
53,2007sr,CSP-r,0.10505802455352575,12:01:52.800,-18:58:21.68,0.0404782060157234
53,2007sr,CSP-i,0.076378247935458,12:01:52.800,-18:58:21.68,0.0404782060157234
53,2007sr,CSP-B,0.1648888618535871,12:01:52.800,-18:58:21.68,0.0404782060157234
53,2007sr,CSP-V0,0.12751566312764773,12:01:52.800,-18:58:21.68,0.0404782060157234
53,2007sr,CSP-Y,0.04494480827848335,12:01:52.800,-18:58:21.68,0.0404782060157234
53,2007sr,CSP-J,0.03268173477230896,12:01:52.800,-18:58:21.68,0.0404782060157234
53,2007sr,CSP-H,0.021207715137313343,12:01:52.800,-18:58:21.68,0.0404782060157234
53,2007sr,CSP-Ydw,0.044230609863562975,12:01:52.800,-18:58:21.68,0.0404782060157234
53,2007sr,CSP-Jdw,0.033031221656264265,12:01:52.800,-18:58:21.68,0.0404782060157234
53,2007sr,CSP-Hdw,0.021238616868654248,12:01:52.800,-18:58:21.68,0.0404782060157234
54,2008ar,CSP-u,0.15044378126771396,12:24:37.920,+10:50:17.41,0.031656465446783875
54,2008ar,CSP-g,0.11863716011043524,12:24:37.920,+10:50:17.41,0.031656465446783875
54,2008ar,CSP-r,0.08216903787445995,12:24:37.920,+10:50:17.41,0.031656465446783875
54,2008ar,CSP-i,0.05973601294537101,12:24:37.920,+10:50:17.41,0.031656465446783875
54,2008ar,CSP-B,0.12896512599042964,12:24:37.920,+10:50:17.41,0.031656465446783875
54,2008ar,CSP-V0,0.09973413330997083,12:24:37.920,+10:50:17.41,0.031656465446783875
54,2008ar,CSP-Y,0.035150432777552254,12:24:37.920,+10:50:17.41,0.031656465446783875
54,2008ar,CSP-J,0.025559663462148663,12:24:37.920,+10:50:17.41,0.031656465446783875
54,2008ar,CSP-H,0.01658597704735243,12:24:37.920,+10:50:17.41,0.031656465446783875
54,2008ar,CSP-Ydw,0.034591768525997324,12:24:37.920,+10:50:17.41,0.031656465446783875
54,2008ar,CSP-Hdw,0.01661014728064103,12:24:37.920,+10:50:17.41,0.031656465446783875
55,2008bc,CSP-u,1.0711730202098106,09:38:31.229,-63:58:25.61,0.22550717893270902
55,2008bc,CSP-g,0.8416731089658227,09:38:31.229,-63:58:25.61,0.22550717893270902
55,2008bc,CSP-r,0.5842186157125351,09:38:31.229,-63:58:25.61,0.22550717893270902
55,2008bc,CSP-i,0.42498739094674054,09:38:31.229,-63:58:25.61,0.22550717893270902
55,2008bc,CSP-B,0.9168280599906193,09:38:31.229,-63:58:25.61,0.22550717893270902
55,2008bc,CSP-V0,0.7090562400989029,09:38:31.229,-63:58:25.61,0.22550717893270902
55,2008bc,CSP-Y,0.25027032014656747,09:38:31.229,-63:58:25.61,0.22550717893270902
55,2008bc,CSP-J,0.18199455506420215,09:38:31.229,-63:58:25.61,0.22550717893270902
55,2008bc,CSP-H,0.11811551940108522,09:38:31.229,-63:58:25.61,0.22550717893270902
55,2008bc,CSP-Ydw,0.2463089853094118,09:38:31.229,-63:58:25.61,0.22550717893270902
55,2008bc,CSP-Jdw,0.18393251507776043,09:38:31.229,-63:58:25.61,0.22550717893270902
55,2008bc,CSP-Hdw,0.11828720247475033,09:38:31.229,-63:58:25.61,0.22550717893270902
56,2008bf,CSP-u,0.1412039006481447,12:04:02.899,+20:14:42.61,0.029712058089185547
56,2008bf,CSP-g,0.11135476767432007,12:04:02.899,+20:14:42.61,0.029712058089185547
56,2008bf,CSP-r,0.07712352072369821,12:04:02.899,+20:14:42.61,0.029712058089185547
56,2008bf,CSP-i,0.056067622110865134,12:04:02.899,+20:14:42.61,0.029712058089185547
56,2008bf,CSP-B,0.12104625773600652,12:04:02.899,+20:14:42.61,0.029712058089185547
56,2008bf,CSP-V0,0.09361010918326507,12:04:02.899,+20:14:42.61,0.029712058089185547
56,2008bf,CSP-Y,0.032991585590862016,12:04:02.899,+20:14:42.61,0.029712058089185547
56,2008bf,CSP-J,0.02398984255509795,12:04:02.899,+20:14:42.61,0.029712058089185547
56,2008bf,CSP-H,0.015567278605656654,12:04:02.899,+20:14:42.61,0.029712058089185547
56,2008bf,CSP-Ydw,0.032467211519595196,12:04:02.899,+20:14:42.61,0.029712058089185547
56,2008bf,CSP-Jdw,0.024246444763260655,12:04:02.899,+20:14:42.61,0.029712058089185547
57,2008bq,CSP-u,0.3695232241022768,06:41:02.510,-38:02:19.00,0.07776436570016322
57,2008bq,CSP-g,0.2911504544169079,06:41:02.510,-38:02:19.00,0.07776436570016322
57,2008bq,CSP-r,0.20175709393579555,06:41:02.510,-38:02:19.00,0.07776436570016322
57,2008bq,CSP-i,0.14669718939087595,06:41:02.510,-38:02:19.00,0.07776436570016322
57,2008bq,CSP-B,0.31665190678022626,06:41:02.510,-38:02:19.00,0.07776436570016322
57,2008bq,CSP-V0,0.24488235782651735,06:41:02.510,-38:02:19.00,0.07776436570016322
57,2008bq,CSP-Y,0.08633695659450069,06:41:02.510,-38:02:19.00,0.07776436570016322
57,2008bq,CSP-J,0.06278082508258898,06:41:02.510,-38:02:19.00,0.07776436570016322
57,2008bq,CSP-H,0.04074064028069735,06:41:02.510,-38:02:19.00,0.07776436570016322
58,2008bz,CSP-u,0.10888767131069033,12:38:57.739,+11:07:46.20,0.022911697314678348
58,2008bz,CSP-g,0.08588067583893899,12:38:57.739,+11:07:46.20,0.022911697314678348
58,2008bz,CSP-r,0.05947583073958951,12:38:57.739,+11:07:46.20,0.022911697314678348
58,2008bz,CSP-i,0.04323706675299066,12:38:57.739,+11:07:46.20,0.022911697314678348
58,2008bz,CSP-B,0.09334832875871868,12:38:57.739,+11:07:46.20,0.022911697314678348
58,2008bz,CSP-V0,0.07219006421440355,12:38:57.739,+11:07:46.20,0.022911697314678348
59,2008c,CSP-u,0.34236397344742786,06:57:11.530,+20:26:13.70,0.07204779124211749
59,2008c,CSP-g,0.26978002868720785,06:57:11.530,+20:26:13.70,0.07204779124211749
59,2008c,CSP-r,0.1869361743575877,06:57:11.530,+20:26:13.70,0.07204779124211749
59,2008c,CSP-i,0.13591840847571213,06:57:11.530,+20:26:13.70,0.07204779124211749
59,2008c,CSP-B,0.29339184041095123,06:57:11.530,+20:26:13.70,0.07204779124211749
59,2008c,CSP-V0,0.2268939437613824,06:57:11.530,+20:26:13.70,0.07204779124211749
59,2008c,CSP-Y,0.0799913891592503,06:57:11.530,+20:26:13.70,0.07204779124211749
59,2008c,CSP-J,0.058166482171706946,06:57:11.530,+20:26:13.70,0.07204779124211749
59,2008c,CSP-H,0.03774607361994242,06:57:11.530,+20:26:13.70,0.07204779124211749
59,2008c,CSP-Ydw,0.07872112853505442,06:57:11.530,+20:26:13.70,0.07204779124211749
59,2008c,CSP-Jdw,0.05878804398074422,06:57:11.530,+20:26:13.70,0.07204779124211749
59,2008c,CSP-Hdw,0.037801050320453555,06:57:11.530,+20:26:13.70,0.07204779124211749
60,2008cf,CSP-u,0.27371177372168165,14:07:32.561,-26:33:06.59,0.05759837169890182
60,2008cf,CSP-g,0.21574038829538678,14:07:32.561,-26:33:06.59,0.05759837169890182
60,2008cf,CSP-r,0.14946682548271228,14:07:32.561,-26:33:06.59,0.05759837169890182
60,2008cf,CSP-i,0.10866993081788845,14:07:32.561,-26:33:06.59,0.05759837169890182
60,2008cf,CSP-B,0.23458645650350896,14:07:32.561,-26:33:06.59,0.05759837169890182
60,2008cf,CSP-V0,0.1814164014881019,14:07:32.561,-26:33:06.59,0.05759837169890182
60,2008cf,CSP-Y,0.0639512617665634,14:07:32.561,-26:33:06.59,0.05759837169890182
60,2008cf,CSP-J,0.046502558759360824,14:07:32.561,-26:33:06.59,0.05759837169890182
60,2008cf,CSP-H,0.030176659585553267,14:07:32.561,-26:33:06.59,0.05759837169890182
60,2008cf,CSP-Ydw,0.06293540749192239,14:07:32.561,-26:33:06.59,0.05759837169890182
60,2008cf,CSP-Hdw,0.030220619960340755,14:07:32.561,-26:33:06.59,0.05759837169890182
61,2008fr,CSP-u,0.18380736708121204,01:11:49.140,+14:38:26.99,0.03867753830859397
61,2008fr,CSP-g,0.144928234271255,01:11:49.140,+14:38:26.99,0.03867753830859397
61,2008fr,CSP-r,0.10038631574511037,01:11:49.140,+14:38:26.99,0.03867753830859397
61,2008fr,CSP-i,0.07298144195082035,01:11:49.140,+14:38:26.99,0.03867753830859397
61,2008fr,CSP-B,0.15755675057784124,01:11:49.140,+14:38:26.99,0.03867753830859397
61,2008fr,CSP-V0,0.12184538581503546,01:11:49.140,+14:38:26.99,0.03867753830859397
61,2008fr,CSP-Y,0.042945645751945705,01:11:49.140,+14:38:26.99,0.03867753830859397
61,2008fr,CSP-J,0.03122802216189058,01:11:49.140,+14:38:26.99,0.03867753830859397
61,2008fr,CSP-H,0.020264349961697903,01:11:49.140,+14:38:26.99,0.03867753830859397
61,2008fr,CSP-Ydw,0.04226318921941363,01:11:49.140,+14:38:26.99,0.03867753830859397
61,2008fr,CSP-Jdw,0.03156197734574917,01:11:49.140,+14:38:26.99,0.03867753830859397
61,2008fr,CSP-Hdw,0.020293877822743056,01:11:49.140,+14:38:26.99,0.03867753830859397
62,2008gl,CSP-u,0.11570572242498767,01:20:54.821,+04:48:19.12,0.02434641224959299
62,2008gl,CSP-g,0.09125571227496065,01:20:54.821,+04:48:19.12,0.02434641224959299
62,2008gl,CSP-r,0.06319927218449406,01:20:54.821,+04:48:19.12,0.02434641224959299
62,2008gl,CSP-i,0.04594410601968013,01:20:54.821,+04:48:19.12,0.02434641224959299
62,2008gl,CSP-B,0.09919226109671442,01:20:54.821,+04:48:19.12,0.02434641224959299
62,2008gl,CSP-V0,0.07670943361214633,01:20:54.821,+04:48:19.12,0.02434641224959299
62,2008gl,CSP-Y,0.027034073692545846,01:20:54.821,+04:48:19.12,0.02434641224959299
62,2008gl,CSP-J,0.019657805114066562,01:20:54.821,+04:48:19.12,0.02434641224959299
62,2008gl,CSP-H,0.012756119854458348,01:20:54.821,+04:48:19.12,0.02434641224959299
63,2008gp,CSP-u,0.49270541419143954,03:23:00.730,+01:21:42.80,0.10369425782562117
63,2008gp,CSP-g,0.3880201470020308,03:23:00.730,+01:21:42.80,0.10369425782562117
63,2008gp,CSP-r,0.2689625158634188,03:23:00.730,+01:21:42.80,0.10369425782562117
63,2008gp,CSP-i,0.19557855706885885,03:23:00.730,+01:21:42.80,0.10369425782562117
63,2008gp,CSP-B,0.42212258083618437,03:23:00.730,+01:21:42.80,0.10369425782562117
63,2008gp,CSP-V0,0.32644984595571813,03:23:00.730,+01:21:42.80,0.10369425782562117
63,2008gp,CSP-Y,0.11511753436406913,03:23:00.730,+01:21:42.80,0.10369425782562117
63,2008gp,CSP-J,0.08370955748249109,03:23:00.730,+01:21:42.80,0.10369425782562117
63,2008gp,CSP-H,0.05432306393051256,03:23:00.730,+01:21:42.80,0.10369425782562117
63,2008gp,CSP-Jdw,0.08460342205085247,03:23:00.730,+01:21:42.80,0.10369425782562117
64,2008hj,CSP-u,0.14666693510992657,00:04:01.910,-11:10:07.50,0.030861677164367704
64,2008hj,CSP-g,0.11566051013670586,00:04:01.910,-11:10:07.50,0.030861677164367704
64,2008hj,CSP-r,0.08010667558404472,00:04:01.910,-11:10:07.50,0.030861677164367704
64,2008hj,CSP-i,0.058236547396074645,00:04:01.910,-11:10:07.50,0.030861677164367704
64,2008hj,CSP-B,0.1257282793361707,00:04:01.910,-11:10:07.50,0.030861677164367704
64,2008hj,CSP-V0,0.09723093075553102,00:04:01.910,-11:10:07.50,0.030861677164367704
64,2008hj,CSP-Y,0.034267993558584564,00:04:01.910,-11:10:07.50,0.030861677164367704
64,2008hj,CSP-J,0.024917991366470105,00:04:01.910,-11:10:07.50,0.030861677164367704
64,2008hj,CSP-H,0.01616957864145263,00:04:01.910,-11:10:07.50,0.030861677164367704
64,2008hj,CSP-Ydw,0.03372334524347487,00:04:01.910,-11:10:07.50,0.030861677164367704
64,2008hj,CSP-Jdw,0.02518451429311952,00:04:01.910,-11:10:07.50,0.030861677164367704
65,2008hu,CSP-u,0.43880148366988303,08:09:14.760,-18:39:13.10,0.09234704476094932
65,2008hu,CSP-g,0.3456419305742924,08:09:14.760,-18:39:13.10,0.09234704476094932
65,2008hu,CSP-r,0.23955689993708096,08:09:14.760,-18:39:13.10,0.09234704476094932
65,2008hu,CSP-i,0.17418958849786215,08:09:14.760,-18:39:13.10,0.09234704476094932
65,2008hu,CSP-B,0.3759744878660083,08:09:14.760,-18:39:13.10,0.09234704476094932
65,2008hu,CSP-V0,0.2907603212956431,08:09:14.760,-18:39:13.10,0.09234704476094932
65,2008hu,CSP-Y,0.10252330756450512,08:09:14.760,-18:39:13.10,0.09234704476094932
65,2008hu,CSP-J,0.07455121715746493,08:09:14.760,-18:39:13.10,0.09234704476094932
65,2008hu,CSP-Ydw,0.1008959403450902,08:09:14.760,-18:39:13.10,0.09234704476094932
65,2008hu,CSP-Jdw,0.0753474943682857,08:09:14.760,-18:39:13.10,0.09234704476094932
65,2008hu,CSP-Hdw,0.04844982317976232,08:09:14.760,-18:39:13.10,0.09234704476094932
66,2008hv,CSP-u,0.1303875548961706,09:07:34.061,+03:23:32.10,0.027435929400351555
66,2008hv,CSP-g,0.10282922137660977,09:07:34.061,+03:23:32.10,0.027435929400351555
66,2008hv,CSP-r,0.07121697821793238,09:07:34.061,+03:23:32.10,0.027435929400351555
66,2008hv,CSP-i,0.05177327348352412,09:07:34.061,+03:23:32.10,0.027435929400351555
66,2008hv,CSP-B,0.1117760015936824,09:07:34.061,+03:23:32.10,0.027435929400351555
66,2008hv,CSP-V0,0.08644100038902458,09:07:34.061,+03:23:32.10,0.027435929400351555
66,2008hv,CSP-Y,0.030464405258983973,09:07:34.061,+03:23:32.10,0.027435929400351555
66,2008hv,CSP-J,0.022152187869011186,09:07:34.061,+03:23:32.10,0.027435929400351555
66,2008hv,CSP-H,0.01437477946370258,09:07:34.061,+03:23:32.10,0.027435929400351555
66,2008hv,CSP-Ydw,0.029980175388875097,09:07:34.061,+03:23:32.10,0.027435929400351555
66,2008hv,CSP-Jrc2,0.02238453584322997,09:07:34.061,+03:23:32.10,0.027435929400351555
66,2008hv,CSP-Jdw,0.022389146365883406,09:07:34.061,+03:23:32.10,0.027435929400351555
66,2008hv,CSP-Hdw,0.014395728560243626,09:07:34.061,+03:23:32.10,0.027435929400351555
67,2008ia,CSP-u,0.9253423361891207,08:50:35.150,-61:16:40.58,0.19479132480194863
67,2008ia,CSP-g,0.7275024555143508,08:50:35.150,-61:16:40.58,0.19479132480194863
67,2008ia,CSP-r,0.5047964049403966,08:50:35.150,-61:16:40.58,0.19479132480194863
67,2008ia,CSP-i,0.3671755840213269,08:50:35.150,-61:16:40.58,0.19479132480194863
67,2008ia,CSP-B,0.7922058298798618,08:50:35.150,-61:16:40.58,0.19479132480194863
67,2008ia,CSP-V0,0.6126699192213891,08:50:35.150,-61:16:40.58,0.19479132480194863
67,2008ia,CSP-Y,0.21619882793988587,08:50:35.150,-61:16:40.58,0.19479132480194863
67,2008ia,CSP-J,0.15721662525989544,08:50:35.150,-61:16:40.58,0.19479132480194863
67,2008ia,CSP-H,0.10203216825619243,08:50:35.150,-61:16:40.58,0.19479132480194863
67,2008ia,CSP-Ydw,0.2127745388719955,08:50:35.150,-61:16:40.58,0.19479132480194863
67,2008ia,CSP-Jrc2,0.15885637442702283,08:50:35.150,-61:16:40.58,0.19479132480194863
67,2008ia,CSP-Jdw,0.15889191456555984,08:50:35.150,-61:16:40.58,0.19479132480194863
67,2008ia,CSP-Hdw,0.10218053454695308,08:50:35.150,-61:16:40.58,0.19479132480194863
68,2008r,CSP-u,0.2947243353950899,03:03:53.700,-11:59:39.41,0.0620208319115488
68,2008r,CSP-g,0.23228352303531996,03:03:53.700,-11:59:39.41,0.0620208319115488
68,2008r,CSP-r,0.16093601331810437,03:03:53.700,-11:59:39.41,0.0620208319115488
68,2008r,CSP-i,0.11701028786547818,03:03:53.700,-11:59:39.41,0.0620208319115488
68,2008r,CSP-B,0.2525866068435896,03:03:53.700,-11:59:39.41,0.0620208319115488
68,2008r,CSP-V0,0.19533690831195116,03:03:53.700,-11:59:39.41,0.0620208319115488
68,2008r,CSP-Y,0.06886071004637095,03:03:53.700,-11:59:39.41,0.0620208319115488
68,2008r,CSP-J,0.050072559161931096,03:03:53.700,-11:59:39.41,0.0620208319115488
68,2008r,CSP-H,0.03249342801303179,03:03:53.700,-11:59:39.41,0.0620208319115488
68,2008r,CSP-Ydw,0.06776697232340645,03:03:53.700,-11:59:39.41,0.0620208319115488
68,2008r,CSP-Jdw,0.05060775300050757,03:03:53.700,-11:59:39.41,0.0620208319115488
68,2008r,CSP-Hdw,0.0325407606009982,03:03:53.700,-11:59:39.41,0.0620208319115488
69,2009aa,CSP-u,0.1388094206959043,11:23:42.281,-22:16:14.48,0.029208175436598975
69,2009aa,CSP-g,0.10946747779414445,11:23:42.281,-22:16:14.48,0.029208175436598975
69,2009aa,CSP-r,0.07581597064334256,11:23:42.281,-22:16:14.48,0.029208175436598975
69,2009aa,CSP-i,0.055116963044373524,11:23:42.281,-22:16:14.48,0.029208175436598975
69,2009aa,CSP-B,0.11899407360036562,11:23:42.281,-22:16:14.48,0.029208175436598975
69,2009aa,CSP-V0,0.09202306176010744,11:23:42.281,-22:16:14.48,0.029208175436598975
69,2009aa,CSP-Y,0.03243212844871124,11:23:42.281,-22:16:14.48,0.029208175436598975
69,2009aa,CSP-H,0.015303287398717558,11:23:42.281,-22:16:14.48,0.029208175436598975
69,2009aa,CSP-Ydw,0.031916641008539415,11:23:42.281,-22:16:14.48,0.029208175436598975
69,2009aa,CSP-Jrc2,0.023830370561729097,11:23:42.281,-22:16:14.48,0.029208175436598975
69,2009aa,CSP-Jdw,0.023835283387288797,11:23:42.281,-22:16:14.48,0.029208175436598975
69,2009aa,CSP-Hdw,0.015325589132526574,11:23:42.281,-22:16:14.48,0.029208175436598975
70,2009ab,CSP-u,0.874367063395415,04:16:36.389,+02:45:51.01,0.18405568075240475
70,2009ab,CSP-g,0.6875630479613675,04:16:36.389,+02:45:51.01,0.18405568075240475
70,2009ab,CSP-r,0.4770258067051314,04:16:36.389,+02:45:51.01,0.18405568075240475
70,2009ab,CSP-i,0.34696393830747985,04:16:36.389,+02:45:51.01,0.18405568075240475
70,2009ab,CSP-B,0.7486292602753188,04:16:36.389,+02:45:51.01,0.18405568075240475
70,2009ab,CSP-V0,0.5789671362503572,04:16:36.389,+02:45:51.01,0.18405568075240475
70,2009ab,CSP-Y,0.20428905264777875,04:16:36.389,+02:45:51.01,0.18405568075240475
70,2009ab,CSP-H,0.09641043465896004,04:16:36.389,+02:45:51.01,0.18405568075240475
70,2009ab,CSP-Jrc2,0.15010551751217527,04:16:36.389,+02:45:51.01,0.18405568075240475
71,2009ad,CSP-u,0.4563902731196763,05:03:33.379,+06:39:35.71,0.09604955568250897
71,2009ad,CSP-g,0.3594718590506376,05:03:33.379,+06:39:35.71,0.09604955568250897
71,2009ad,CSP-r,0.2491524571228143,05:03:33.379,+06:39:35.71,0.09604955568250897
71,2009ad,CSP-i,0.18116900318698592,05:03:33.379,+06:39:35.71,0.09604955568250897
71,2009ad,CSP-B,0.39103347518101295,05:03:33.379,+06:39:35.71,0.09604955568250897
71,2009ad,CSP-V0,0.3024064581447803,05:03:33.379,+06:39:35.71,0.09604955568250897
71,2009ad,CSP-Y,0.10663279159572348,05:03:33.379,+06:39:35.71,0.09604955568250897
71,2009ad,CSP-H,0.05031878173880777,05:03:33.379,+06:39:35.71,0.09604955568250897
71,2009ad,CSP-Jrc2,0.07835098330923707,05:03:33.379,+06:39:35.71,0.09604955568250897
72,2009ag,CSP-u,1.0353404774782997,07:11:40.810,-26:41:06.29,0.21795944602809053
72,2009ag,CSP-g,0.8136320113724074,07:11:40.810,-26:41:06.29,0.21795944602809053
72,2009ag,CSP-r,0.5647068515007754,07:11:40.810,-26:41:06.29,0.21795944602809053
72,2009ag,CSP-i,0.41078362221965925,07:11:40.810,-26:41:06.29,0.21795944602809053
72,2009ag,CSP-B,0.886212519299395,07:11:40.810,-26:41:06.29,0.21795944602809053
72,2009ag,CSP-V0,0.6853770976723332,07:11:40.810,-26:41:06.29,0.21795944602809053
72,2009ag,CSP-Y,0.2418985197863499,07:11:40.810,-26:41:06.29,0.21795944602809053
72,2009ag,CSP-H,0.11416353970623128,07:11:40.810,-26:41:06.29,0.21795944602809053
72,2009ag,CSP-Ydw,0.23806907799541044,07:11:40.810,-26:41:06.29,0.21795944602809053
72,2009ag,CSP-Jrc2,0.17773951336519644,07:11:40.810,-26:41:06.29,0.21795944602809053
72,2009ag,CSP-Jdw,0.17777971221889288,07:11:40.810,-26:41:06.29,0.21795944602809053
72,2009ag,CSP-Hdw,0.1143294951847107,07:11:40.810,-26:41:06.29,0.21795944602809053
73,2009d,CSP-u,0.21639539424328458,03:54:22.829,-19:10:54.19,0.045535642718792915
73,2009d,CSP-g,0.170601552499265,03:54:22.829,-19:10:54.19,0.045535642718792915
73,2009d,CSP-r,0.11817830890745662,03:54:22.829,-19:10:54.19,0.045535642718792915
73,2009d,CSP-i,0.08591823722267433,03:54:22.829,-19:10:54.19,0.045535642718792915
73,2009d,CSP-B,0.1854806898671555,03:54:22.829,-19:10:54.19,0.045535642718792915
73,2009d,CSP-V0,0.14344034429602814,03:54:22.829,-19:10:54.19,0.045535642718792915
73,2009d,CSP-Y,0.050559646206167486,03:54:22.829,-19:10:54.19,0.045535642718792915
73,2009d,CSP-H,0.023857264692273006,03:54:22.829,-19:10:54.19,0.045535642718792915
73,2009d,CSP-Ydw,0.04975631063074637,03:54:22.829,-19:10:54.19,0.045535642718792915
73,2009d,CSP-Jrc2,0.03715001184916389,03:54:22.829,-19:10:54.19,0.045535642718792915
73,2009d,CSP-Jdw,0.03715773530004185,03:54:22.829,-19:10:54.19,0.045535642718792915
73,2009d,CSP-Hdw,0.023892024744798235,03:54:22.829,-19:10:54.19,0.045535642718792915
74,2009f,CSP-u,0.42492009631055483,04:59:23.561,-11:07:50.09,0.08942500575019238
74,2009f,CSP-g,0.3347257591019792,04:59:23.561,-11:07:50.09,0.08942500575019238
74,2009f,CSP-r,0.2319835458197268,04:59:23.561,-11:07:50.09,0.08942500575019238
74,2009f,CSP-i,0.16868115961785346,04:59:23.561,-11:07:50.09,0.08942500575019238
74,2009f,CSP-B,0.3640890379849022,04:59:23.561,-11:07:50.09,0.08942500575019238
74,2009f,CSP-V0,0.2815685121579623,04:59:23.561,-11:07:50.09,0.08942500575019238
74,2009f,CSP-Y,0.09928002749632903,04:59:23.561,-11:07:50.09,0.08942500575019238
74,2009f,CSP-H,0.04684877590958081,04:59:23.561,-11:07:50.09,0.08942500575019238
74,2009f,CSP-Ydw,0.09770404377829323,04:59:23.561,-11:07:50.09,0.08942500575019238
74,2009f,CSP-Jrc2,0.07294839215174953,04:59:23.561,-11:07:50.09,0.08942500575019238
74,2009f,CSP-Jdw,0.07296389873246234,04:59:23.561,-11:07:50.09,0.08942500575019238
74,2009f,CSP-Hdw,0.04691699483736933,04:59:23.561,-11:07:50.09,0.08942500575019238
75,2009y,CSP-u,0.4152654092386461,14:42:23.849,-17:14:48.41,0.08739271469137724
75,2009y,CSP-g,0.32713271931329957,14:42:23.849,-17:14:48.41,0.08739271469137724
75,2009y,CSP-r,0.22671598687838435,14:42:23.849,-17:14:48.41,0.08739271469137724
75,2009y,CSP-i,0.16484989707657594,14:42:23.849,-17:14:48.41,0.08739271469137724
75,2009y,CSP-B,0.35582222534079655,14:42:23.849,-17:14:48.41,0.08739271469137724
75,2009y,CSP-V0,0.27517524407624094,14:42:23.849,-17:14:48.41,0.08739271469137724
75,2009y,CSP-Y,0.09702428274915498,14:42:23.849,-17:14:48.41,0.08739271469137724
75,2009y,CSP-H,0.04578422697453455,14:42:23.849,-17:14:48.41,0.08739271469137724
75,2009y,CSP-Ydw,0.0954840407114581,14:42:23.849,-17:14:48.41,0.08739271469137724
75,2009y,CSP-Jrc2,0.0712909375811499,14:42:23.849,-17:14:48.41,0.08739271469137724
75,2009y,CSP-Jdw,0.07130607644277731,14:42:23.849,-17:14:48.41,0.08739271469137724
75,2009y,CSP-Hdw,0.045850897557560444,14:42:23.849,-17:14:48.41,0.08739271469137724
76,2016afk,Foundation-g,0.1828794025093341,10:22:29.903,+15:05:47.73,0.04983347510018711
76,2016afk,Foundation-r,0.1302292677272625,10:22:29.903,+15:05:47.73,0.04983347510018711
76,2016afk,Foundation-i,0.09574774806027264,10:22:29.903,+15:05:47.73,0.04983347510018711
76,2016afk,Foundation-z,0.07490484161542099,10:22:29.903,+15:05:47.73,0.04983347510018711
77,2016cor,Foundation-g,0.09779961700495043,15:44:31.200,+16:18:12.80,0.02663790667406395
77,2016cor,Foundation-r,0.06962957369248812,15:44:31.200,+16:18:12.80,0.02663790667406395
77,2016cor,Foundation-i,0.05118815882584826,15:44:31.200,+16:18:12.80,0.02663790667406395
77,2016cor,Foundation-z,0.04004153132643751,15:44:31.200,+16:18:12.80,0.02663790667406395
78,2016cvv,Foundation-g,0.32495854211701847,19:20:28.850,+54:12:30.66,0.0886150988267153
78,2016cvv,Foundation-r,0.23148215297814367,19:20:28.850,+54:12:30.66,0.0886150988267153
78,2016cvv,Foundation-i,0.1702203192850682,19:20:28.850,+54:12:30.66,0.0886150988267153
78,2016cvv,Foundation-z,0.13318639768143115,19:20:28.850,+54:12:30.66,0.0886150988267153
79,2016esh,Foundation-g,0.1125265419173882,16:04:14.350,+16:41:24.61,0.030651475364207176
79,2016esh,Foundation-r,0.08011736352016463,16:04:14.350,+16:41:24.61,0.030651475364207176
79,2016esh,Foundation-i,0.058899291206209625,16:04:14.350,+16:41:24.61,0.030651475364207176
79,2016esh,Foundation-z,0.04607424048873199,16:04:14.350,+16:41:24.61,0.030651475364207176
80,2016glp,Foundation-g,0.16748059731394171,23:36:14.007,+23:41:45.37,0.04563371829029432
80,2016glp,Foundation-r,0.119259371296776,23:36:14.007,+23:41:45.37,0.04563371829029432
80,2016glp,Foundation-i,0.08768079567696851,23:36:14.007,+23:41:45.37,0.04563371829029432
80,2016glp,Foundation-z,0.06859280031500781,23:36:14.007,+23:41:45.37,0.04563371829029432
81,2016gmg,Foundation-g,0.4308869278004206,21:23:41.850,+33:06:52.78,0.11756673635968144
81,2016gmg,Foundation-r,0.3070164190972928,21:23:41.850,+33:06:52.78,0.11756673635968144
81,2016gmg,Foundation-i,0.22579311097595323,21:23:41.850,+33:06:52.78,0.11756673635968144
81,2016gmg,Foundation-z,0.17668891429553213,21:23:41.850,+33:06:52.78,0.11756673635968144
82,2016gsu,Foundation-g,0.15155219177727375,01:08:24.590,+21:09:05.75,0.041290235056796645
82,2016gsu,Foundation-r,0.1079130343784378,01:08:24.590,+21:09:05.75,0.041290235056796645
82,2016gsu,Foundation-i,0.0793373325361415,01:08:24.590,+21:09:05.75,0.041290235056796645
82,2016gsu,Foundation-z,0.06206462371057597,01:08:24.590,+21:09:05.75,0.041290235056796645
83,2016hhv,Foundation-g,0.18741752124082112,23:35:48.477,+20:42:31.62,0.051071297498290064
83,2016hhv,Foundation-r,0.1334623131544319,23:35:48.477,+20:42:31.62,0.051071297498290064
83,2016hhv,Foundation-i,0.09812529523005153,23:35:48.477,+20:42:31.62,0.051071297498290064
83,2016hhv,Foundation-z,0.07676520977470602,23:35:48.477,+20:42:31.62,0.051071297498290064
84,2016htn,Foundation-g,0.0851135279225641,02:11:29.080,-16:30:37.04,0.02318102855214756
84,2016htn,Foundation-r,0.06059575108969817,02:11:29.080,-16:30:37.04,0.02318102855214756
84,2016htn,Foundation-i,0.04454627150618151,02:11:29.080,-16:30:37.04,0.02318102855214756
84,2016htn,Foundation-z,0.034845487569922895,02:11:29.080,-16:30:37.04,0.02318102855214756
85,2016ixf,Foundation-g,0.10761459682266583,10:39:44.560,+15:02:04.78,0.029312740897773144
85,2016ixf,Foundation-r,0.07661923735499698,10:39:44.560,+15:02:04.78,0.029312740897773144
85,2016ixf,Foundation-i,0.0563272687831482,10:39:44.560,+15:02:04.78,0.029312740897773144
85,2016ixf,Foundation-z,0.04406202906131895,10:39:44.560,+15:02:04.78,0.029312740897773144
86,2017cfc,Foundation-g,0.14715264740308598,13:52:39.006,-02:00:08.05,0.04009066033599605
86,2017cfc,Foundation-r,0.10477924196080934,13:52:39.006,-02:00:08.05,0.04009066033599605
86,2017cfc,Foundation-i,0.07703297250723473,13:52:39.006,-02:00:08.05,0.04009066033599605
86,2017cfc,Foundation-z,0.060261662939524285,13:52:39.006,-02:00:08.05,0.04009066033599605
87,2017cii,Foundation-g,0.21276790842097348,16:33:19.890,+23:43:52.50,0.057986980874232895
87,2017cii,Foundation-r,0.151523704839704,16:33:19.890,+23:43:52.50,0.057986980874232895
87,2017cii,Foundation-i,0.11140792583972114,16:33:19.890,+23:43:52.50,0.057986980874232895
87,2017cii,Foundation-z,0.08715885701908377,16:33:19.890,+23:43:52.50,0.057986980874232895
88,2017ciy,Foundation-g,0.2026647552762899,17:04:06.930,+25:03:10.22,0.055230581501685985
88,2017ciy,Foundation-r,0.1443252515274196,17:04:06.930,+25:03:10.22,0.055230581501685985
88,2017ciy,Foundation-i,0.10611397372229092,17:04:06.930,+25:03:10.22,0.055230581501685985
88,2017ciy,Foundation-z,0.08301627523516153,17:04:06.930,+25:03:10.22,0.055230581501685985
89,2017cjv,Foundation-g,0.09534991377817192,10:10:45.659,-03:46:39.14,0.02597034245112628
89,2017cjv,Foundation-r,0.06788508656718406,10:10:45.659,-03:46:39.14,0.02597034245112628
89,2017cjv,Foundation-i,0.049905553526354396,10:10:45.659,-03:46:39.14,0.02597034245112628
89,2017cjv,Foundation-z,0.03903811963925108,10:10:45.659,-03:46:39.14,0.02597034245112628
90,2017ckx,Foundation-g,0.1079706555994111,07:48:11.006,+28:13:49.04,0.02940978123083777
90,2017ckx,Foundation-r,0.07687280800852037,07:48:11.006,+28:13:49.04,0.02940978123083777
90,2017ckx,Foundation-i,0.056513707413939684,07:48:11.006,+28:13:49.04,0.02940978123083777
90,2017ckx,Foundation-z,0.044207887854375016,07:48:11.006,+28:13:49.04,0.02940978123083777
91,2017cpu,Foundation-g,0.08726749173202286,14:07:52.541,+09:38:31.23,0.023767937557997994
91,2017cpu,Foundation-r,0.062129560533390915,14:07:52.541,+09:38:31.23,0.023767937557997994
91,2017cpu,Foundation-i,0.04567395151983078,14:07:52.541,+09:38:31.23,0.023767937557997994
91,2017cpu,Foundation-z,0.03572767773343699,14:07:52.541,+09:38:31.23,0.023767937557997994
92,2017hn,Foundation-g,0.10425807896151618,13:07:39.419,+06:20:15.23,0.028397972600247418
92,2017hn,Foundation-r,0.07422888209861078,13:07:39.419,+06:20:15.23,0.028397972600247418
92,2017hn,Foundation-i,0.05456976027038429,13:07:39.419,+06:20:15.23,0.028397972600247418
92,2017hn,Foundation-z,0.0426870616773769,13:07:39.419,+06:20:15.23,0.028397972600247418
93,2017mf,Foundation-g,0.03460293450365093,14:16:31.070,+39:35:10.61,0.009421765520996942
93,2017mf,Foundation-r,0.02463228816799834,14:16:31.070,+39:35:10.61,0.009421765520996942
93,2017mf,Foundation-i,0.01810705133368451,14:16:31.070,+39:35:10.61,0.009421765520996942
93,2017mf,Foundation-z,0.01416312557215349,14:16:31.070,+39:35:10.61,0.009421765520996942
94,2017oz,Foundation-g,0.039786388759672775,14:06:41.579,+30:19:07.49,0.01083342187530377
94,2017oz,Foundation-r,0.028322504735784904,14:06:41.579,+30:19:07.49,0.01083342187530377
94,2017oz,Foundation-i,0.020819836909895528,14:06:41.579,+30:19:07.49,0.01083342187530377
94,2017oz,Foundation-z,0.01628512659805459,14:06:41.579,+30:19:07.49,0.01083342187530377
95,2017po,Foundation-g,0.04371626718724464,16:03:51.720,+39:59:24.07,0.011903731753726223
95,2017po,Foundation-r,0.031120332895513414,16:03:51.720,+39:59:24.07,0.011903731753726223
95,2017po,Foundation-i,0.022876624194131168,16:03:51.720,+39:59:24.07,0.011903731753726223
95,2017po,Foundation-z,0.017894007128870015,16:03:51.720,+39:59:24.07,0.011903731753726223
96,2017zd,Foundation-g,0.2668157591772413,13:32:42.093,-21:48:04.35,0.07273758101730084
96,2017zd,Foundation-r,0.1900384039148939,13:32:42.093,-21:48:04.35,0.07273758101730084
96,2017zd,Foundation-i,0.13973493466991727,13:32:42.093,-21:48:04.35,0.07273758101730084
96,2017zd,Foundation-z,0.10932663314496338,13:32:42.093,-21:48:04.35,0.07273758101730084
123,atlas16agv,Foundation-g,0.07765483572431009,16:41:09.710,+50:58:20.90,0.02114879690949236
123,atlas16agv,Foundation-r,0.05528463446886889,16:41:09.710,+50:58:20.90,0.02114879690949236
123,atlas16agv,Foundation-i,0.040641502726334267,16:41:09.710,+50:58:20.90,0.02114879690949236
123,atlas16agv,Foundation-z,0.031790797761580336,16:41:09.710,+50:58:20.90,0.02114879690949236
124,atlas16bwu,Foundation-g,0.06855157104568654,01:14:22.259,-13:09:11.12,0.018668691983346013
124,atlas16bwu,Foundation-r,0.04880271923107671,01:14:22.259,-13:09:11.12,0.018668691983346013
124,atlas16bwu,Foundation-i,0.035876049256931,01:14:22.259,-13:09:11.12,0.018668691983346013
124,atlas16bwu,Foundation-z,0.028062863754501066,01:14:22.259,-13:09:11.12,0.018668691983346013
125,atlas17ajn,Foundation-g,0.23718180926479882,11:44:26.571,-28:27:26.88,0.06464892458147665
125,atlas17ajn,Foundation-r,0.1689199230799332,11:44:26.571,-28:27:26.88,0.06464892458147665
125,atlas17ajn,Foundation-i,0.12420214034275823,11:44:26.571,-28:27:26.88,0.06464892458147665
125,atlas17ajn,Foundation-z,0.0971708612482125,11:44:26.571,-28:27:26.88,0.06464892458147665
126,atlas17axb,Foundation-g,0.34503336707228094,13:43:23.260,-19:56:37.25,0.09409934306813317
126,atlas17axb,Foundation-r,0.24579398653313334,13:43:23.260,-19:56:37.25,0.09409934306813317
126,atlas17axb,Foundation-i,0.18074887224605085,13:43:23.260,-19:56:37.25,0.09409934306813317
126,atlas17axb,Foundation-z,0.1414274027175324,13:43:23.260,-19:56:37.25,0.09409934306813317
127,css160129,Foundation-g,0.11921855932984649,07:40:29.609,+10:55:59.79,0.032475473485396575
127,css160129,Foundation-r,0.08488332935241871,07:40:29.609,+10:55:59.79,0.032475473485396575
127,css160129,Foundation-i,0.06240355050552182,07:40:29.609,+10:55:59.79,0.032475473485396575
127,css160129,Foundation-z,0.048815818265126154,07:40:29.609,+10:55:59.79,0.032475473485396575
128,ps15ahs,Foundation-g,0.11331010487570126,17:59:29.77,+43:23:24.2,0.030865039236822503
128,ps15ahs,Foundation-r,0.08067539885798602,17:59:29.77,+43:23:24.2,0.030865039236822503
128,ps15ahs,Foundation-i,0.05930959349730358,17:59:29.77,+43:23:24.2,0.030865039236822503
128,ps15ahs,Foundation-z,0.046395240827109774,17:59:29.77,+43:23:24.2,0.030865039236822503
129,ps15aii,Foundation-g,0.08236157105543462,12:44:45.54,+09:45:34.6,0.022431198497475362
129,ps15aii,Foundation-r,0.05863614130450223,12:44:45.54,+09:45:34.6,0.022431198497475362
129,ps15aii,Foundation-i,0.04310554506112396,12:44:45.54,+09:45:34.6,0.022431198497475362
129,ps15aii,Foundation-z,0.03371840549842808,12:44:45.54,+09:45:34.6,0.022431198497475362
130,ps15bwh,Foundation-g,0.09078039201740573,23:30:34.60,-18:53:29.5,0.024725156037659464
130,ps15bwh,Foundation-r,0.06463108431745823,23:30:34.60,-18:53:29.5,0.024725156037659464
130,ps15bwh,Foundation-i,0.04751312228569482,23:30:34.60,-18:53:29.5,0.024725156037659464
130,ps15bwh,Foundation-z,0.037166479810101904,23:30:34.60,-18:53:29.5,0.024725156037659464
131,ps15bzz,Foundation-g,0.06334261900143723,00:37:41.94,+01:45:46.0,0.017249664781704654
131,ps15bzz,Foundation-r,0.04509384703310815,00:37:41.94,+01:45:46.0,0.017249664781704654
131,ps15bzz,Foundation-i,0.03314936202560226,00:37:41.94,+01:45:46.0,0.017249664781704654
131,ps15bzz,Foundation-z,0.02592985539612691,00:37:41.94,+01:45:46.0,0.017249664781704654
132,ps15cze,Foundation-g,0.6764361708779543,03:47:23.43,+00:52:37.9,0.18480268901145727
132,ps15cze,Foundation-r,0.482255596569356,03:47:23.43,+00:52:37.9,0.18480268901145727
132,ps15cze,Foundation-i,0.35477628918027904,03:47:23.43,+00:52:37.9,0.18480268901145727
132,ps15cze,Foundation-z,0.27769604246569557,03:47:23.43,+00:52:37.9,0.18480268901145727
133,ps16bby,Foundation-g,0.3638557654723318,14:20:18.04,-22:11:20.4,0.09924248660602518
133,ps16bby,Foundation-r,0.2592141684942728,14:20:18.04,-22:11:20.4,0.09924248660602518
133,ps16bby,Foundation-i,0.1906219395443678,14:20:18.04,-22:11:20.4,0.09924248660602518
133,ps16bby,Foundation-z,0.1491556677904331,14:20:18.04,-22:11:20.4,0.09924248660602518
134,ps16bnz,Foundation-g,0.13925998218038949,10:20:36.90,-02:28:00.3,0.03793879383054024
134,ps16bnz,Foundation-r,0.09915746515576629,10:20:36.90,-02:28:00.3,0.03793879383054024
134,ps16bnz,Foundation-i,0.07289919290641755,10:20:36.90,-02:28:00.3,0.03793879383054024
134,ps16bnz,Foundation-z,0.05702738410829156,10:20:36.90,-02:28:00.3,0.03793879383054024
135,ps16cqa,Foundation-g,0.12466909035098261,15:39:07.01,+09:17:40.4,0.03396118247025949
135,ps16cqa,Foundation-r,0.08876523636102185,15:39:07.01,+09:17:40.4,0.03396118247025949
135,ps16cqa,Foundation-i,0.06525783163604792,15:39:07.01,+09:17:40.4,0.03396118247025949
135,ps16cqa,Foundation-z,0.051048911281856846,15:39:07.01,+09:17:40.4,0.03396118247025949
136,ps16dnp,Foundation-g,0.28990044300171647,22:59:39.51,+02:08:59.1,0.07904034213420943
136,ps16dnp,Foundation-r,0.2064916337990752,22:59:39.51,+02:08:59.1,0.07904034213420943
136,ps16dnp,Foundation-i,0.15183716850897078,22:59:39.51,+02:08:59.1,0.07904034213420943
136,ps16dnp,Foundation-z,0.11879823479468499,22:59:39.51,+02:08:59.1,0.07904034213420943
137,ps16em,Foundation-g,0.1346968091369174,10:55:34.00,-03:21:58.6,0.03669476555269312
137,ps16em,Foundation-r,0.09590731008467479,10:55:34.00,-03:21:58.6,0.03669476555269312
137,ps16em,Foundation-i,0.07050933914329605,10:55:34.00,-03:21:58.6,0.03669476555269312
137,ps16em,Foundation-z,0.05515758224992773,10:55:34.00,-03:21:58.6,0.03669476555269312
138,ps16evk,Foundation-g,0.22512591490395373,22:33:22.67,-01:21:25.39,0.06135895903859784
138,ps16evk,Foundation-r,0.16032919871957318,22:33:22.67,-01:21:25.39,0.06135895903859784
138,ps16evk,Foundation-i,0.11788391666378217,22:33:22.67,-01:21:25.39,0.06135895903859784
138,ps16evk,Foundation-z,0.09222652230456596,22:33:22.67,-01:21:25.39,0.06135895903859784
139,ps16fa,Foundation-g,0.08011285738807317,10:19:16.63,+04:45:42.0,0.021818503950391845
139,ps16fa,Foundation-r,0.0570348991657994,10:19:16.63,+04:45:42.0,0.021818503950391845
139,ps16fa,Foundation-i,0.04192830144920556,10:19:16.63,+04:45:42.0,0.021818503950391845
139,ps16fa,Foundation-z,0.032797451373484776,10:19:16.63,+04:45:42.0,0.021818503950391845
140,ps16fbb,Foundation-g,0.06471616593563745,00:07:03.15,-20:41:48.61,0.017623840111523452
140,ps16fbb,Foundation-r,0.04607182953072808,00:07:03.15,-20:41:48.61,0.017623840111523452
140,ps16fbb,Foundation-i,0.03386835152478085,00:07:03.15,-20:41:48.61,0.017623840111523452
140,ps16fbb,Foundation-z,0.026492297691294908,00:07:03.15,-20:41:48.61,0.017623840111523452
141,ps16n,Foundation-g,0.24174320330932808,05:03:43.99,+03:24:44.9,0.0658938041565381
141,ps16n,Foundation-r,0.1721703843302862,05:03:43.99,+03:24:44.9,0.0658938041565381
141,ps16n,Foundation-i,0.1265928060705388,05:03:43.99,+03:24:44.9,0.0658938041565381
141,ps16n,Foundation-z,0.0990417154752361,05:03:43.99,+03:24:44.9,0.0658938041565381
142,ps17bii,Foundation-g,0.24286376497798123,11:25:38.26,+07:20:00.80,0.06619963300559177
142,ps17bii,Foundation-r,0.17296891020780514,11:25:38.26,+07:20:00.80,0.06619963300559177
142,ps17bii,Foundation-i,0.1271801139336226,11:25:38.26,+07:20:00.80,0.06619963300559177
142,ps17bii,Foundation-z,0.09950132560899938,11:25:38.26,+07:20:00.80,0.06619963300559177
143,psnj0153424,Foundation-g,0.17095133668195572,01:53:42.40,+29:56:10.7,0.04658024305187222
143,psnj0153424,Foundation-r,0.1217318084976462,01:53:42.40,+29:56:10.7,0.04658024305187222
143,psnj0153424,Foundation-i,0.08949893027953593,01:53:42.40,+29:56:10.7,0.04658024305187222
143,psnj0153424,Foundation-z,0.07001539354175534,01:53:42.40,+29:56:10.7,0.04658024305187222
144,ptss-16efw,Foundation-g,0.6477014395743499,17:35:37.800,+08:48:32.35,0.17692561053638028
144,ptss-16efw,Foundation-r,0.4617381945723409,17:35:37.800,+08:48:32.35,0.17692561053638028
144,ptss-16efw,Foundation-i,0.33967070038539937,17:35:37.800,+08:48:32.35,0.17692561053638028
144,ptss-16efw,Foundation-z,0.26586400362290163,17:35:37.800,+08:48:32.35,0.17692561053638028
