,Unnamed: 0,Name,matt_vel,matt_vel_err,kyle_vel,kyle_vel_err,phase,kyle_pvel,kyle_pvel_err,matt_pvel,matt_pvel_err,choice,source,new_vel,new_vel_err,new_vel_unphased,new_vel_err_unphased
233,142,1994ae,-10.8,0.05,-10.82,0.04,0.161304708,-10.83028076,0.223606798,-10.81017634,0.225610283,matt,kaepora,-10.81017634,0.225610283,-10.8,0.05
120,29,1994s,-10.61,0.07,-10.4,0.02,0.973870814,-10.45014929,0.22090722,-10.6669478,0.230867928,matt,kaepora,-10.6669478,0.230867928,-10.61,0.07
142,51,1995e,-10.7,0.03,-10.65,0.04,-0.902273634,-10.59920699,0.223606798,-10.64779534,0.222036033,avg,kaepora,-10.62350116,0.222821415,-10.675,0.035
220,129,1996bo,-11.88,0.14,-11.9,0.05,3.115888364,-12.24003409,0.225610283,-12.21780367,0.260768096,matt,kaepora,-12.21780367,0.260768096,-11.88,0.14
221,130,1996x,-11.19,0.09,-10.72,0.07,-0.319501784,-10.70096692,0.230867928,-11.16618082,0.237697286,matt,kaepora,-11.16618082,0.237697286,-11.19,0.09
208,117,1997bp,-15.72,0.07,-16.19,4.65,-1.105941666,-15.93763319,4.655201392,-15.48379497,0.230867928,matt,kaepora,-15.48379497,0.230867928,-15.72,0.07
130,39,1997do,-13.84,0.03,-14.05,0.02,-5.829367131,-13.22833651,0.22090722,-13.05152502,0.222036033,avg,kaepora,-13.13993076,0.221471627,-13.945,0.025
174,83,1997dt,-11.19,3.55,-11.13,0.04,0.244737114,-11.14810294,0.223606798,-11.20857953,3.556810369,kyle,kaepora,-11.14810294,0.223606798,-11.13,0.04
201,110,1997e,-12.37,0.03,-11.91,0.04,-3.730935502,-11.58191076,0.223606798,-11.99257513,0.222036033,matt,kaepora,-11.99257513,0.222036033,-12.37,0.03
164,73,1998dh,-12.27,0.09,-11.92,0.05,-0.299918377,-11.89064436,0.225610283,-12.23729661,0.237697286,matt,kaepora,-12.23729661,0.237697286,-12.27,0.09
169,78,1998dm,-11,0.05,-10.8,0.03,-4.012008515,-10.57701326,0.222036033,-10.75413189,0.225610283,matt,kaepora,-10.75413189,0.225610283,-11,0.05
106,15,1998ec,-12.37,0.2,-13.2,0.07,-2.319397757,-12.89776392,0.230867928,-12.12544431,0.297321375,matt,kaepora,-12.12544431,0.297321375,-12.37,0.2
151,60,1998ef,-12.96,0.04,-12.3,0.06,1.572952447,-12.48401214,0.228035085,-13.17922397,0.223606798,matt,kaepora,-13.17922397,0.223606798,-12.96,0.04
140,49,1998eg,-10.8,0.09,-10.09,0.08,-0.567201478,-10.0677757,0.234093998,-10.76504092,0.237697286,kyle,kaepora,-10.0677757,0.234093998,-10.09,0.08
139,48,1999cc,-11.98,0.22,-11.69,0.04,-0.132144353,-11.67797081,0.223606798,-11.96674208,0.311126984,matt,kaepora,-11.96674208,0.311126984,-11.98,0.22
193,102,1999cp,-10.61,0.06,-10.77,0.03,4.86902828,-11.12681993,0.222036033,-10.9370705,0.228035085,matt,kaepora,-10.9370705,0.228035085,-10.61,0.06
202,111,1999dg,-10.51,0.08,-10.3,0.06,14.04677199,-11.4966946,0.228035085,-11.88012042,0.234093998,matt,kaepora,,,,
154,63,1999dk,-14.73,0.05,-14.25,0.02,-7.266363461,-13.22627153,0.22090722,-13.61525774,0.225610283,avg,kaepora,,,,
91,0,1999ej,-11.1,0.12,-11.32,0.04,-1.210581565,-11.22736491,0.223606798,-11.01561892,0.250599282,avg,kaepora,-11.12149191,0.23710304,-11.21,0.08
214,123,1999gd,-10.8,0.05,-10.56,0.03,-2.698253009,-10.42337981,0.222036033,-10.6441946,0.225610283,matt,kaepora,-10.6441946,0.225610283,-10.8,0.05
125,34,2000ce,-10.8,0.12,-10.97,0.09,6.678086855,-11.55050006,0.237697286,-11.33393006,0.250599282,kyle,kaepora,-11.55050006,0.237697286,-10.97,0.09
135,44,2000cf,-9.73,0.04,-9.43,0.1,1.0582205,-9.450427645,0.241660919,-9.761010669,0.223606798,matt,kaepora,-9.761010669,0.223606798,-9.73,0.04
102,11,2000cn,-10.49,0.12,-9.8,0.12,8.770971052,-10.17353723,0.250599282,-11.13510955,0.250599282,matt,Matheson2008,-11.13510955,0.250599282,-10.49,0.12
188,97,2000cp,-11.68,0.39,-10.9,0.14,-2.193390723,-10.76482697,0.260768096,-11.4933719,0.447772264,avg,kaepora,-11.12909943,0.35427018,-11.29,0.265
147,56,2000cw,-10.22,0.06,-9.61,0.08,3.029710663,-9.69205744,0.234093998,-10.36800017,0.228035085,avg,kaepora,-10.03002881,0.231064542,-9.915,0.07
113,22,2000dk,-11.1,0.12,-10.41,0.06,0.932523653,-10.45826378,0.228035085,-11.16962398,0.250599282,matt,kaepora,-11.16962398,0.250599282,-11.1,0.12
236,145,2000dm,-11.29,0.05,-10.75,0.05,-2.20819831,-10.62393257,0.225610283,-11.1280853,0.225610283,matt,kaepora,-11.1280853,0.225610283,-11.29,0.05
146,55,2000dn,-10.31,0.03,-10.14,0.05,-1.258822875,-10.08978423,0.225610283,-10.25316187,0.222036033,matt,kaepora,-10.25316187,0.222036033,-10.31,0.03
160,69,2000dr,-10.22,0.11,-9.33,0.05,7.463625512,-9.481557514,0.225610283,-10.65311691,0.245967478,matt,kaepora,-10.65311691,0.245967478,-10.22,0.11
131,40,2000fa,-11.58,0.03,-11.84,0.08,0.74349353,-11.91331496,0.234093998,-11.64693776,0.222036033,avg,kaepora,-11.78012636,0.228065016,-11.71,0.055
210,119,2001ay,-15.03,0.05,-14.38,2.3,-3.523887248,-13.81655486,2.310497782,-14.40031597,0.225610283,matt,kaepora,-14.40031597,0.225610283,-15.03,0.05
228,137,2001bf,-10.51,0.1,-11.84,0.1,-1.348564104,-11.7156051,0.241660919,-10.44095519,0.241660919,matt,kaepora,-10.44095519,0.241660919,-10.51,0.1
198,107,2001bg,-12.07,0.07,-11.69,0.06,3.490587727,-12.04951041,0.228035085,-12.47762971,0.230867928,matt,kaepora,-12.47762971,0.230867928,-12.07,0.07
95,4,2001br,-13.25,0.06,-13.09,0.04,-1.473140892,-12.89802555,0.223606798,-13.05077964,0.228035085,avg,kaepora,-12.97440259,0.225820941,-13.17,0.05
231,140,2001cj,-10.02,0.23,-9.91,0.18,13.14422964,-10.6871825,0.284253408,-10.87790446,0.318276609,avg,kaepora,,,,
189,98,2001ck,-10.9,0.08,-10.77,0.07,4.603411587,-11.10396711,0.230867928,-11.25659045,0.234093998,matt,kaepora,-11.25659045,0.234093998,-10.9,0.08
216,125,2001cp,-10.61,0.08,-10.65,0.05,0.783405052,-10.69655709,0.225610283,-10.65552195,0.234093998,kyle,kaepora,-10.69655709,0.225610283,-10.65,0.05
226,135,2001da,-11.78,0.04,-11.29,0.04,-3.227591702,-11.06037588,0.223606798,-11.50424523,0.223606798,avg,kaepora,-11.28231056,0.223606798,-11.535,0.04
212,121,2001dl,-9.63,0.11,-9.56,0.05,13.55655483,-10.1093076,0.225610283,-10.23353584,0.245967478,kyle,kaepora,,,,
196,105,2001e,-14.24,0.2,-15.24,3.64,2.369132067,-15.76764907,3.646642291,-14.68506284,0.297321375,matt,kaepora,-14.68506284,0.297321375,-14.24,0.2
161,70,2001en,-12.76,0.04,-12.34,0.08,-0.147071232,-12.32355472,0.234093998,-12.7415751,0.223606798,matt,kaepora,-12.7415751,0.223606798,-12.76,0.04
114,23,2001ep,-10.8,0.12,-10.1,0.03,-0.74380719,-10.07078382,0.222036033,-10.75441055,0.250599282,matt,kaepora,-10.75441055,0.250599282,-10.8,0.12
110,19,2001fe,-11.1,0.05,-11.37,0.05,0.207742337,-11.38696429,0.225610283,-11.11514602,0.225610283,matt,kaepora,-11.11514602,0.225610283,-11.1,0.05
128,37,2001fh,-11,0.13,-10.46,0.11,-2.344981174,-10.34703188,0.245967478,-10.84912001,0.255538647,kyle,kaepora,-10.34703188,0.245967478,-10.46,0.11
213,122,2002aw,-11.19,0.24,-10.39,0.12,-2.018106008,-10.2960893,0.250599282,-11.04727499,0.325576412,matt,kaepora,-11.04727499,0.325576412,-11.19,0.24
237,146,2002bf,-15.13,0.08,-15.51,0.04,0.744741427,-15.67361248,0.223606798,-15.28427593,0.234093998,avg,kaepora,-15.47894421,0.228850398,-15.32,0.06
124,33,2002bo,-13.35,0.08,-13.23,0.03,-1.293394363,-13.05491543,0.222036033,-13.17011758,0.234093998,avg,kaepora,-13.1125165,0.228065016,-13.29,0.055
155,64,2002cd,-15.03,0.07,-14.92,3.35,-0.45300742,-14.83274426,3.357216109,-14.94116278,0.230867928,matt,kaepora,-14.94116278,0.230867928,-15.03,0.07
180,89,2002cr,-10.02,0.09,-10.09,0.03,0.340904583,-10.10375237,0.222036033,-10.03297545,0.237697286,kyle,kaepora,-10.10375237,0.222036033,-10.09,0.03
126,35,2002cs,-13.15,0.17,-13.25,0.08,3.630962886,-13.83242079,0.234093998,-13.71918115,0.278028775,matt,kaepora,-13.71918115,0.278028775,-13.15,0.17
93,2,2002cu,-12.96,0.05,-13.68,0.09,-3.608262906,-13.17733251,0.237697286,-12.53227877,0.225610283,matt,kaepora,-12.53227877,0.225610283,-12.96,0.05
218,127,2002de,-11.68,0.06,-11.44,0.06,-0.639405001,-11.38776945,0.228035085,-11.62292781,0.228035085,avg,kaepora,-11.50534863,0.228035085,-11.56,0.06
195,104,2002dj,-14.04,0.11,-14.13,0.03,-5.354552659,-13.35365566,0.222036033,-13.27689114,0.245967478,avg,kaepora,-13.3152734,0.234001755,-14.085,0.07
138,47,2002dp,-11.58,0.05,-10.8,0.04,-5.663523237,-10.49937999,0.223606798,-11.1590745,0.225610283,matt,kaepora,-11.1590745,0.225610283,-11.58,0.05
133,42,2002eb,-10.12,0.04,-9.87,0.04,1.077866707,-9.906640822,0.223606798,-10.16562963,0.223606798,matt,kaepora,-10.16562963,0.223606798,-10.12,0.04
168,77,2002ef,-11.88,0.12,-11.37,0.07,-3.425737065,-11.11973156,0.230867928,-11.57906326,0.250599282,kyle,kaepora,-11.11973156,0.230867928,-11.37,0.07
184,93,2002el,-10.51,0.06,-9.86,0.12,11.77717276,-10.47642926,0.250599282,-11.52350745,0.228035085,matt,kaepora,,,,
200,109,2002er,-11.68,0.07,-11.66,0.06,0.711822372,-11.72589614,0.228035085,-11.74636531,0.230867928,avg,kaepora,-11.73613073,0.229451506,-11.67,0.065
111,20,2002fk,-9.83,0.05,-9.7,0.04,-1.543574975,-9.65979688,0.223606798,-9.783641421,0.225610283,kyle,kaepora,-9.65979688,0.223606798,-9.7,0.04
92,1,2002g,-11.98,0.05,-11.93,0.13,-2.712264962,-11.68268869,0.255538647,-11.72867269,0.225610283,avg,kaepora,-11.70568069,0.240574465,-11.955,0.09
109,18,2002ha,-11.19,0.09,-10.38,0.04,-1.172610381,-10.32436599,0.223606798,-11.10489474,0.237697286,matt,kaepora,-11.10489474,0.237697286,-11.19,0.09
112,21,2002he,-12.57,0.05,-12.3,0.04,-0.191836017,-12.27882549,0.223606798,-12.54716791,0.225610283,matt,kaepora,-12.54716791,0.225610283,-12.57,0.05
129,38,2002hu,-7.79,0.2,-10.25,0.13,-1.220314134,-10.19710337,0.255538647,-7.830112198,0.297321375,kyle,kaepora,-10.19710337,0.255538647,-10.25,0.13
183,92,2002hw,-10.8,0.08,-10.28,0.09,-3.64067132,-10.13004951,0.237697286,-10.59548651,0.234093998,kyle,kaepora,-10.13004951,0.237697286,-10.28,0.09
223,132,2002jg,-11.39,0.1,-10.72,0.12,-3.547940127,-10.52836397,0.250599282,-11.12966871,0.241660919,matt,kaepora,-11.12966871,0.241660919,-11.39,0.1
163,72,2003cq,-11.39,0.19,-11.77,0.17,-0.336560271,-11.73870451,0.278028775,-11.36277851,0.290688837,avg,kaepora,-11.55074151,0.284358806,-11.58,0.18
119,28,2003du,-10.8,0.09,-10.32,0.05,-1.205631227,-10.26510011,0.225610283,-10.72716224,0.237697286,matt,kaepora,-10.72716224,0.237697286,-10.8,0.09
182,91,2003gt,-11.39,0.07,-10.92,0.05,-5.436241498,-10.61177049,0.225610283,-11.0117545,0.230867928,matt,kaepora,-11.0117545,0.230867928,-11.39,0.07
105,14,2003he,-11.19,0.04,-10.96,0.04,2.742474596,-11.16428705,0.223606798,-11.41656514,0.223606798,avg,kaepora,-11.2904261,0.223606798,-11.075,0.04
178,87,2003kf,-11.39,0.05,-11.32,0.04,-3.980559411,-11.03948441,0.223606798,-11.10153158,0.225610283,avg,kaepora,-11.070508,0.224608541,-11.355,0.045
225,134,2003w,-14.73,0.13,-15.79,0.08,-1.154332625,-15.54132149,0.234093998,-14.51930918,0.255538647,avg,kaepora,-15.03031533,0.244816322,-15.26,0.105
173,82,2004as,-11.78,0.1,-12.34,0.09,-0.981528352,-12.23310567,0.237697286,-11.69026235,0.241660919,matt,kaepora,-11.69026235,0.241660919,-11.78,0.1
179,88,2004at,-10.8,0.05,-10.93,0.04,0.21741079,-10.94465739,0.223606798,-10.8137409,0.225610283,kyle,kaepora,-10.94465739,0.223606798,-10.93,0.04
215,124,2004bw,-10.9,0.08,-11.21,0.03,6.409985805,-11.82355379,0.222036033,-11.43292803,0.234093998,avg,kaepora,-11.62824091,0.228065016,-11.055,0.055
78,79,2004dt,-20.07,0.37,-13.72864392,0.047800022,1.185408147,-13.92221554,0.225132943,-20.51522785,0.430464865,kyle,Altavilla2007,-13.92221554,0.225132943,-13.72864392,0.047800022
238,147,2004ef,-12.27,0.11,-11.99,0.12,-0.890920536,-11.90245888,0.250599282,-12.17465035,0.245967478,avg,kaepora,-12.03855462,0.24828338,-12.13,0.115
77,78,2004eo,-10.19,0.09,-5.045152066,0.025230353,1.554548988,-4.8446097,0.221442026,-10.26056108,0.237697286,matt,Pastorello2007,-10.26056108,0.237697286,-10.19,0.09
59,59,2004ey,-11.1,0.17,-10.85672332,0.117439485,-1.457743206,-10.76679403,0.249383305,-10.99916344,0.278028775,matt,CSP,-10.99916344,0.278028775,-11.1,0.17
141,50,2004fz,-10.61,0.07,-10.07,0.03,-5.114269238,-9.897630237,0.222036033,-10.36127711,0.230867928,matt,kaepora,-10.36127711,0.230867928,-10.61,0.07
28,28,2004gc,-10.02,0.06,-9.754914428,0.063215761,8.656278087,-10.1042563,0.228902233,-10.47178353,0.228035085,matt,CSP,-10.47178353,0.228035085,-10.02,0.06
207,116,2004gs,-11.39,0.3,-11,0.12,-1.288928115,-10.91436051,0.250599282,-11.28881917,0.372021505,matt,kaepora,-11.28881917,0.372021505,-11.39,0.3
14,14,2004gu,-11.1,0.07,-11.60477643,0.115778108,-4.061845615,-11.28625678,0.24860525,-10.83986462,0.230867928,matt,CSP,-10.83986462,0.230867928,-11.1,0.07
72,72,2005a,-13.15,0.27,-12.24672688,0.073837883,4.034956425,-12.75381077,0.232060408,-13.79196696,0.348281495,matt,CSP,-13.79196696,0.348281495,-13.15,0.27
235,144,2005ag,-11.29,0.26,-11.41,0.1,-1.135595139,-11.31972568,0.241660919,-11.20395882,0.340587727,kyle,kaepora,-11.31972568,0.241660919,-11.41,0.1
199,108,2005am,-12.86,0.14,-13.09,0.06,-3.850506761,-12.62239069,0.228035085,-12.41776186,0.260768096,kyle,kaepora,-12.62239069,0.228035085,-13.09,0.06
172,81,2005bc,-10.9,1.78,-10.59,0.05,1.510505737,-10.67890972,0.225610283,-11.00475844,1.793543978,matt,kaepora,-11.00475844,1.793543978,-10.9,1.78
46,46,2005be,-11,0.14,-10.82182864,0.139647253,7.425120773,-11.44111196,0.260578885,-11.67526726,0.260768096,avg,CSP,-11.55818961,0.260673491,-10.91091432,0.139823627
44,44,2005bg,-10.31,0.07,-10.3696105,0.066735241,2.277282371,-10.48978516,0.229899092,-10.42545761,0.230867928,avg,CSP,-10.45762139,0.23038351,-10.33980525,0.068367621
52,52,2005bl,-10.7,0.19,-10.50351941,0.497558347,-3.340689817,-10.34301562,0.544026018,-10.52041349,0.290688837,kyle,CSP,-10.34301562,0.544026018,-10.50351941,0.497558347
50,50,2005bo,-10.9,0.04,-10.60396899,0.058335875,0.458002415,-10.6302092,0.227602887,-10.93067133,0.223606798,matt,CSP,-10.93067133,0.223606798,-10.9,0.04
103,12,2005cf,-10.31,0.07,-10.31,0.03,-0.880794906,-10.26975977,0.222036033,-10.26975977,0.230867928,kyle,kaepora,-10.26975977,0.222036033,-10.31,0.03
171,80,2005de,-10.51,0.08,-10.17,0.04,-0.989359856,-10.12927531,0.223606798,-10.45877821,0.234093998,matt,kaepora,-10.45877821,0.234093998,-10.51,0.08
149,58,2005el,-10.7,0.09,-10.29,0.05,0.728006335,-10.32454413,0.225610283,-10.74438598,0.237697286,matt,kaepora,-10.74438598,0.237697286,-10.7,0.09
150,59,2005eq,-9.63,0.05,-9.87,0.04,-0.394693093,-9.857211077,0.223606798,-9.620222986,0.225610283,avg,kaepora,-9.738717032,0.224608541,-9.75,0.045
68,68,2005hc,-11.39,0.26,-11.21661158,0.075356312,-0.352015016,-11.19009741,0.232548003,-11.36154252,0.340587727,avg,CSP,-11.27581997,0.286567865,-11.30330579,0.167678156
74,74,2005hj,-10.39,0.06,-10.3395743,0.018182798,0.583634428,-10.36808623,0.220750117,-10.41947773,0.228035085,kyle,Quimby2007,-10.36808623,0.220750117,-10.3395743,0.018182798
19,19,2005iq,-10.12,0.14,-10.11587291,0.122903691,10.01068831,-10.71757426,0.252002614,-10.72366449,0.260768096,avg,CSP,,,,
26,26,2005kc,-10.41,0.1,-9.900138602,0.065545738,0.313905405,-9.910852016,0.229556624,-10.42591959,0.241660919,matt,CSP,-10.42591959,0.241660919,-10.41,0.1
27,27,2005ke,-10.22,0.18,-9.16297016,0.069360434,-0.725459756,-9.155847389,0.230674814,-10.18874885,0.284253408,matt,CSP,-10.18874885,0.284253408,-10.22,0.18
224,133,2005ki,-11,0.01,-10.86,0.06,1.221605453,-10.94226401,0.228035085,-11.0879965,0.220227155,matt,kaepora,-11.0879965,0.220227155,-11,0.01
17,17,2005ku,-12.47,0.13,-12.36590693,0.223605665,0.1494051,-12.38289867,0.313686936,-12.48749494,0.255538647,kyle,CSP,-12.38289867,0.313686936,-12.36590693,0.223605665
136,45,2005lz,-11.49,0.03,-11.37,0.02,0.254837335,-11.3908419,0.22090722,-11.51183474,0.222036033,matt,kaepora,-11.51183474,0.222036033,-11.49,0.03
64,64,2005m,-8.08,0.14,-8.644085104,0.10069666,-1.042461507,-8.650802879,0.241950031,-8.10503762,0.260768096,kyle,CSP,-8.650802879,0.241950031,-8.644085104,0.10069666
187,96,2005mc,-12.17,0.08,-11.24,0.08,0.317291352,-11.26466054,0.234093998,-12.20426023,0.234093998,avg,Matheson2008,-11.73446038,0.234093998,-11.705,0.08
157,66,2005ms,-11.39,0.09,-11.92,0.09,-2.777953396,-11.66801189,0.237697286,-11.18152793,0.237697286,avg,kaepora,-11.42476991,0.237697286,-11.655,0.09
177,86,2005na,-10.61,0.13,-10.54,0.06,-0.349026585,-10.52122811,0.228035085,-10.59045015,0.255538647,avg,Matheson2008,-10.55583913,0.241786866,-10.575,0.095
192,101,2005w,-10.7,0,-10.65,0.05,-0.047238866,-10.64726761,0.225610283,-10.69719167,0.22,kyle,kaepora,-10.64726761,0.225610283,-10.65,0.05
197,106,2006ac,-12.76,0.25,-12.25,0.06,5.440485847,-12.97193182,0.228035085,-13.59025128,0.333016516,matt,kaepora,-13.59025128,0.333016516,-12.76,0.25
94,3,2006ax,-10.12,0.07,-10.09,0.03,-0.229013673,-10.0809297,0.222036033,-10.11071009,0.230867928,avg,kaepora,-10.0958199,0.22645198,-10.105,0.05
117,26,2006az,-10.51,0.24,-10.14,0.06,-1.502657247,-10.08050634,0.228035085,-10.43342993,0.325576412,matt,kaepora,-10.43342993,0.325576412,-10.51,0.24
70,70,2006bh,-10.7,0.05,-10.72159018,0.011082756,7.839184186,-11.35322285,0.220278976,-11.32434269,0.225610283,avg,CSP,-11.33878277,0.22294463,-10.71079509,0.030541378
167,76,2006bq,-13.45,0.25,-13.23,0.08,4.079220896,-13.89217145,0.234093998,-14.14543827,0.333016516,avg,kaepora,-14.01880486,0.283555257,-13.34,0.165
58,58,2006br,-13.65,0.26,-13.74794412,0.10611684,-0.202540872,-13.71621365,0.244255571,-13.61890416,0.340587727,avg,CSP,-13.6675589,0.292421649,-13.69897206,0.18305842
206,115,2006cc,-12.07,0.22,-11.94,1.42,-10.39802023,-11.16515906,1.436941196,-11.26255074,0.311126984,kyle,kaepora,,,,
191,100,2006cp,-12.84,0.05,-12.53,0.05,5.310556812,-13.28889068,0.225610283,-13.66283515,0.225610283,matt,Matheson2008,-13.66283515,0.225610283,-12.84,0.05
25,25,2006d,-10.8,0.06,-10.54708705,0.013508212,1.718462933,-10.64644065,0.220414318,-10.91416817,0.228035085,matt,CSP,-10.91416817,0.228035085,-10.8,0.06
73,73,2006dd,-11.58,0.06,-11.23646199,0.066143474,1.974251914,-11.39840734,0.229728011,-11.76526695,0.228035085,avg,CSP,-11.58183714,0.228881548,-11.40823099,0.063071737
229,138,2006dm,-9.92,0.04,-9.68,0.1,8.925694407,-10.01438507,0.241660919,-10.35118338,0.223606798,matt,Silverman2012,-10.35118338,0.223606798,-9.92,0.04
217,126,2006ef,-11.98,0.04,-11.49,0.03,2.203673843,-11.69156662,0.222036033,-12.21899181,0.223606798,matt,Silverman2012,-12.21899181,0.223606798,-11.98,0.04
232,141,2006ej,-12.37,0.07,-12.1,0.04,-4.659306195,-11.67613562,0.223606798,-11.91091217,0.230867928,kyle,Silverman2012,-11.67613562,0.223606798,-12.1,0.04
115,24,2006en,-10.22,0.05,-10.22,0.1,7.122718396,-10.62744637,0.241660919,-10.62744637,0.225610283,kyle,kaepora,-10.62744637,0.241660919,-10.22,0.1
104,13,2006eq,-11.19,0.27,-10.53,0.44,5.676107981,-10.90551816,0.491934955,-11.71312501,0.348281495,kyle,kaepora,-10.90551816,0.491934955,-10.53,0.44
148,57,2006et,-9.63,0.08,-9.9,0.07,2.076278744,-9.975161721,0.230867928,-9.685817257,0.234093998,matt,kaepora,-9.685817257,0.234093998,-9.63,0.08
166,75,2006ev,-11.49,0.07,-10.98,0.05,4.585975489,-11.34886599,0.225610283,-11.94722466,0.230867928,avg,kaepora,-11.64804533,0.228239106,-11.235,0.06
47,47,2006fw,-10.41,0.16,-10.86122059,0.099878113,1.352615224,-10.95276425,0.241610508,-10.48099617,0.27202941,kyle,CSP,-10.95276425,0.241610508,-10.86122059,0.099878113
29,29,2006gj,-10.31,0.03,-9.751601263,0.0467404,3.244076863,-9.856658788,0.224910349,-10.48019128,0.222036033,matt,CSP,-10.48019128,0.222036033,-10.31,0.03
137,46,2006gr,-11.68,0.07,-11.68,0.24,-2.087458413,-11.50181762,0.325576412,-11.50181762,0.230867928,kyle,kaepora,-11.50181762,0.325576412,-11.68,0.24
152,61,2006gt,-10.22,0.07,-9.82,0.04,0.570616396,-9.838138793,0.223606798,-10.2456259,0.230867928,matt,kaepora,-10.2456259,0.230867928,-10.22,0.07
48,48,2006hx,-10.8,0.11,-10.86632863,0.758761539,-3.605161435,-10.65670345,0.790012071,-10.59727378,0.245967478,avg,CSP,-10.62698862,0.517989774,-10.83316432,0.434380769
54,54,2006is,-13.55,0.09,-13.68354946,0.04404002,0.567802024,-13.77355081,0.224364711,-13.63751417,0.237697286,kyle,CSP,-13.77355081,0.224364711,-13.68354946,0.04404002
8,8,2006kf,-10.9,0.05,-10.62370629,0.064645104,2.020849787,-10.74709203,0.229301089,-11.04261588,0.225610283,avg,CSP,-10.89485395,0.227455686,-10.76185314,0.057322552
116,25,2006le,-11.29,0.04,-11.45,0.05,1.792954047,-11.6092461,0.225610283,-11.43944283,0.223606798,matt,kaepora,-11.43944283,0.223606798,-11.29,0.04
162,71,2006lf,-11.58,0.07,-11.19,0.08,-4.88723337,-10.87195392,0.234093998,-11.20892513,0.230867928,avg,kaepora,-11.04043953,0.232480963,-11.385,0.075
39,39,2006lu,-10.41,0.09,-10.63876572,0.134919232,6.537114214,-11.11543186,0.258075956,-10.82567342,0.237697286,matt,CSP,-10.82567342,0.237697286,-10.41,0.09
0,0,2006mr,-11,0.03,-10.57941659,0.082494459,-2.937757136,-10.43003964,0.234958157,-10.81427592,0.222036033,matt,CSP,-10.81427592,0.222036033,-11,0.03
108,17,2006n,-11.49,0.04,-11.36,0.03,-1.653727909,-11.23314694,0.222036033,-11.35657443,0.223606798,matt,kaepora,-11.35657443,0.223606798,-11.49,0.04
87,88,2006ob,-11.23,0.1,-10.88039168,0.573936849,-0.296512349,-10.86119827,0.614657227,-11.2075002,0.241660919,matt,Ostman2011,-11.2075002,0.241660919,-11.23,0.1
3,3,2006os,-12.17,0.09,-11.92310832,0.082517196,-3.488251486,-11.61288143,0.234966141,-11.83484211,0.237697286,avg,CSP,-11.72386177,0.236331714,-12.04655416,0.086258598
89,90,2006py,-11.98,0.08,-12.05178595,0.11009687,-5.578097779,-11.56440595,0.246010814,-11.50355053,0.234093998,matt,Ostman2011,-11.50355053,0.234093998,-11.98,0.08
204,113,2006s,-10.8,0.06,-11.08,0.06,-0.854949277,-11.02027924,0.228035085,-10.74778094,0.228035085,kyle,kaepora,-11.02027924,0.228035085,-11.08,0.06
175,84,2006sr,-12.17,0.1,-11.88,0.05,-1.740454868,-11.71925175,0.225610283,-11.99386187,0.241660919,matt,kaepora,-11.99386187,0.241660919,-12.17,0.1
60,60,2006x,-15.34,0,-14.01422905,0.043155997,-1.417475125,-13.78884917,0.224192864,-15.05674972,0.22,kyle,Wang2008,-13.78884917,0.224192864,-14.01422905,0.043155997
123,32,2007a,-10.9,0.07,-10.74,0.03,-0.089075933,-10.73459719,0.222036033,-10.89413958,0.230867928,matt,kaepora,-10.89413958,0.230867928,-10.9,0.07
203,112,2007af,-11.1,0.09,-10.72,0.03,-1.08429175,-10.65694452,0.222036033,-11.02412472,0.237697286,matt,kaepora,-11.02412472,0.237697286,-11.1,0.09
32,32,2007al,-9.5,0.12,-8.615835747,0.142961859,9.407080258,-8.513679313,0.262370145,-9.782040208,0.250599282,matt,Matheson2008,-9.782040208,0.250599282,-9.5,0.12
16,16,2007as,-13.45,0.08,-13.51243221,0.051827883,-3.553970595,-13.03375849,0.226022409,-12.97773723,0.234093998,avg,CSP,-13.00574786,0.230058204,-13.4812161,0.065913941
107,16,2007ax,-9.63,0.16,-9.4,0.08,-1.425430064,-9.375904359,0.234093998,-9.595810902,0.27202941,kyle,kaepora,-9.375904359,0.234093998,-9.4,0.08
66,66,2007ba,-10.41,0.04,-9.927640487,0.024064987,2.05998642,-10.00413421,0.221312276,-10.52076249,0.223606798,matt,CSP,-10.52076249,0.223606798,-10.41,0.04
134,43,2007bc,-10.41,0.12,-10.3,0.03,-0.03765282,-10.29824525,0.222036033,-10.40811204,0.250599282,matt,kaepora,-10.40811204,0.250599282,-10.41,0.12
5,5,2007bd,-12.27,0.08,-12.16244966,0.045629057,0.242739803,-12.18853713,0.224682022,-12.29693472,0.234093998,avg,CSP,-12.24273593,0.22938801,-12.21622483,0.062814528
45,45,2007bm,-10.31,0.05,-10.23063325,0.018367043,3.22616857,-10.39057549,0.220765369,-10.47914286,0.225610283,avg,CSP,-10.43485917,0.223187826,-10.27031662,0.034183521
42,42,2007ca,-10.8,0.07,-10.52768019,0.017373445,0.523623846,-10.55643617,0.220684926,-10.83342622,0.230867928,matt,CSP,-10.83342622,0.230867928,-10.8,0.07
86,87,2007cg,-12.98,0.12,-12.96410788,1.810027297,6.519740217,-14.05705966,1.823348244,-14.07717463,0.250599282,matt,Matheson2008,-14.077175,0.25059928,-12.98,0.12
186,95,2007ci,-11.88,0.13,-11.73,0.07,-1.443920591,-11.60208711,0.230867928,-11.74542283,0.255538647,matt,kaepora,-11.74542283,0.255538647,-11.88,0.13
219,128,2007co,-11.88,0.05,-11.72,0.07,-0.761230526,-11.65135703,0.230867928,-11.807529,0.225610283,kyle,kaepora,-11.65135703,0.230867928,-11.72,0.07
209,118,2007f,-11.1,0.05,-11.08,0.06,-1.537634141,-10.97484137,0.228035085,-10.99389785,0.225610283,kyle,kaepora,-10.97484137,0.228035085,-11.08,0.06
121,30,2007gi,-15.62,0.09,-15.93,0.04,0.528252805,-16.05249675,0.223606798,-15.73713249,0.237697286,avg,kaepora,-15.89481462,0.230652042,-15.775,0.065
145,54,2007hj,-12.37,0.09,-11.5,0.05,-0.615034655,-11.44855634,0.225610283,-12.30166135,0.237697286,matt,kaepora,-12.30166135,0.237697286,-12.37,0.09
83,84,2007jd,-16.02,0.24,-15.64704181,0.144400217,-0.767473356,-15.48314236,0.26315665,-15.84710605,0.325576412,kyle,Ostman2011,-15.48314236,0.26315665,-15.64704181,0.144400217
41,41,2007jg,-12.57,0.19,-12.15463983,0.028211329,-1.210782207,-12.03067074,0.221801441,-12.43044485,0.290688837,avg,CSP,-12.2305578,0.256245139,-12.36231991,0.109105665
55,55,2007le,-12.27,0.01,-12.34468225,0.022770729,1.666740812,-12.54282254,0.221175284,-12.46390485,0.220227155,matt,CSP,-12.46390485,0.220227155,-12.27,0.01
127,36,2007n,-11.19,0.07,-10.3,0.05,1.546195471,-10.37592563,0.225610283,-11.31255822,0.230867928,matt,kaepora,-11.31255822,0.230867928,-11.19,0.07
35,35,2007nq,-11.58,0.02,-11.21034562,0.077308298,2.514325515,-11.41819451,0.233187849,-11.82041301,0.22090722,matt,CSP,-11.82041301,0.22090722,-11.58,0.02
97,6,2007o,-9.73,0.02,-10.06,0.04,-3.600850361,-9.934377315,0.223606798,-9.638664448,0.22090722,avg,kaepora,-9.786520881,0.222257009,-9.895,0.03
11,11,2007on,-11.29,0,-10.98221367,0.050445979,-1.437414262,-10.88793166,0.225709541,-11.18210237,0.22,matt,CSP,-11.18210237,0.22,-11.29,0
170,79,2007qe,-11.68,0.08,-13.11,0.05,5.188182928,-13.96422401,0.225610283,-12.24741473,0.234093998,matt,kaepora,-12.24741473,0.234093998,-11.68,0.08
56,56,2007s,-9.73,0.06,-10.23730531,0.116935963,-0.457313789,-10.21718651,0.249146582,-9.717243127,0.228035085,avg,CSP,-9.967214821,0.238590834,-9.983652653,0.088467982
144,53,2007sr,-11.49,0.14,-11.75,0.04,14.19430624,-14.19047287,0.223606798,-13.71160154,0.260768096,avg,kaepora,,,,
43,43,2007ux,-10.61,0.08,-9.801253675,0.080466709,3.459146951,-9.920372883,0.234253904,-10.83049245,0.234093998,matt,CSP,-10.83049245,0.234093998,-10.61,0.08
33,33,2008ar,-10.22,0.08,-10.2480233,0.111426877,-0.487283608,-10.22644083,0.246608899,-10.19885044,0.234093998,avg,CSP,-10.21264563,0.240351448,-10.23401165,0.095713438
51,51,2008bc,-11.78,0.07,-11.97584882,0.026948,-4.839716533,-11.55452404,0.221644298,-11.38508102,0.230867928,avg,CSP,-11.46980253,0.226256113,-11.87792441,0.048474
61,61,2008bf,-11.29,0.12,-11.34951836,0.064382047,-1.825931638,-11.21077158,0.229227066,-11.15455828,0.250599282,kyle,CSP,-11.21077158,0.229227066,-11.34951836,0.064382047
34,34,2008bq,-10.51,0,-10.70830553,0.060442928,-0.534679338,-10.67686896,0.228152027,-10.48191981,0.22,avg,CSP,-10.57939438,0.224076014,-10.60915276,0.030221464
76,76,2008bz,-10.87,0.18,-10.83754605,0.053416274,2.511848659,-11.01236617,0.226391913,-11.04767604,0.284253408,matt,Silverman2012,-11.04767604,0.284253408,-10.87,0.18
21,21,2008c,-10.41,0.04,-10.39185127,0.099631757,2.610523753,-10.53326642,0.241508772,-10.55308072,0.223606798,avg,CSP,-10.54317357,0.232557785,-10.40092563,0.069815879
80,81,2008cd,-9.61,0.14,-9.300108788,0.125917106,22.10222253,-10.40890591,0.253485932,-11.48376593,0.260768096,matt,Silverman2012,,,,
81,92,2008cf,-10.06,0.24,-10.30140973,0.084851943,-2.003860795,-10.21349148,0.235796209,-9.986714395,0.325576412,avg,Silverman2012,-10.10010294,0.280686311,-10.18070486,0.162425972
15,15,2008fp,-10.9,0.02,-10.83407461,0.043522026,-0.693229373,-10.79077349,0.22426361,-10.85525942,0.22090722,avg,CSP,-10.82301646,0.222585415,-10.86703731,0.031761013
88,89,2008fr,-10.48,0.14,-10.51028708,0.035720952,6.547509666,-10.95359018,0.222881104,-10.91521179,0.260768096,kyle,Silverman2012,-10.95359018,0.222881104,-10.51028708,0.035720952
62,62,2008gl,-12.07,0.04,-11.8621791,0.054815677,-1.972475564,-11.6823455,0.226726175,-11.8777552,0.223606798,matt,CSP,-11.8777552,0.223606798,-12.07,0.04
57,57,2008gp,-11.1,0.17,-11.34242671,0.034587795,-6.816242341,-10.89400651,0.222702302,-10.69521185,0.278028775,kyle,CSP,,,,
85,86,2008hj,-11.29,0.21,-11.36046378,0.084634338,3.287453134,-11.65756246,0.235717991,-11.57875661,0.304138127,matt,Silverman2012,-11.57875661,0.304138127,-11.29,0.21
13,13,2008hu,-12.38,0.08,-11.88094159,0.072232668,3.747292482,-12.29672013,0.231554655,-12.86425944,0.234093998,avg,CSP,-12.58048978,0.232824327,-12.13047079,0.076116334
38,38,2008hv,-11,0,-10.89773945,0.028212443,-1.669425639,-10.79332511,0.221801582,-10.89036901,0.22,avg,CSP,-10.84184706,0.220900791,-10.94886973,0.014106221
22,22,2008ia,-11.5,0.12,-11.39669964,0.04238641,-2.621286136,-11.19854811,0.224045995,-11.29380801,0.250599282,kyle,CSP,-11.19854811,0.224045995,-11.39669964,0.04238641
6,6,2008r,-10.56,0.08,-6.192822319,0.01404021,1.969447588,-6.012841382,0.220447562,-10.67572124,0.234093998,matt,CSP,-10.67572124,0.234093998,-10.56,0.08
65,65,2009aa,-10.51,0.14,-10.14949494,0.026270156,-0.106139701,-10.14507196,0.221562905,-10.50434912,0.260768096,matt,CSP,-10.50434912,0.260768096,-10.51,0.14
63,63,2009ab,-10.7,0.14,-10.19810777,0.035217994,2.648407183,-10.32370389,0.222801048,-10.87238711,0.260768096,matt,CSP,-10.87238711,0.260768096,-10.7,0.14
1,1,2009ad,-10.22,0.06,-10.37903101,0.039683147,-1.482665661,-10.30940101,0.223550335,-10.15761647,0.228035085,avg,CSP,-10.23350874,0.22579271,-10.2995155,0.049841574
67,67,2009ag,-10.12,0.05,-9.928552965,0.038769741,-1.425188397,-9.881269657,0.223390002,-10.06431648,0.225610283,avg,CSP,-9.972793067,0.224500143,-10.02427648,0.04438487
53,53,2009d,-10.31,0.07,-10.43810048,0.05557441,-1.276656911,-10.37543083,0.226910809,-10.25238842,0.230867928,avg,CSP,-10.31390963,0.228889368,-10.37405024,0.062787205
75,75,2009dc,-7.75,0.05,-7.884225835,0.124680557,1.063246524,-7.849955889,0.252873963,-7.710971717,0.225610283,kyle,Taubenberger2011,-7.849955889,0.252873963,-7.884225835,0.124680557
30,30,2009f,-11.1,0.12,-10.39158559,0.046582763,-1.083337686,-10.3396538,0.224877642,-11.02418923,0.250599282,matt,CSP,-11.02418923,0.250599282,-11.1,0.12
36,36,2009y,-14.24,0.14,-15.19336745,2.537066012,2.290102543,-15.69830141,2.546586726,-14.66903447,0.260768096,matt,CSP,-14.66903447,0.260768096,-14.24,0.14
300,300,2004s,-9.6,0.08,-9.98,0.1,-0.1888195,-9.9731768,0.24166092,-9.5954732,0.234094,kyle,Krisciunas2007,-9.9731768,0.24166092,-9.98,0.1